Date,High,Low,Close,Volume,st,s_upt,st_dt,buy_price,sell_price,st_signal,position
2020-01-02,684.9203217428809,672.0526286774519,682.4089965820312,17710316,714.0988256898712,,714.0988256898712,,,0,1
2020-01-03,685.2314822701253,676.9419131996422,683.2313232421875,20984698,712.7716136663743,,712.7716136663743,,,0,1
2020-01-06,679.1198345653788,665.8299277419402,667.3856201171875,24519177,710.044552337827,,710.044552337827,,,0,1
2020-01-07,682.053413886342,672.719319233434,677.653076171875,16683622,710.044552337827,,710.044552337827,,,0,1
2020-01-08,682.031156966089,671.1636823837273,672.5637817382812,16047902,710.044552337827,,710.044552337827,,,0,1
2020-01-09,688.9428271851682,680.6088712823896,688.0538940429688,14982742,710.044552337827,,710.044552337827,,,0,1
2020-01-10,692.4764398902278,684.3424641040125,687.8983154296875,12478359,710.044552337827,,710.044552337827,,,0,1
2020-01-13,692.8098158547547,683.7869069552114,686.1426391601562,18282382,710.044552337827,,710.044552337827,,,0,1
2020-01-14,688.9428703980402,676.4308092594623,679.78662109375,15816535,710.044552337827,,710.044552337827,,,0,1
2020-01-15,684.453660010165,674.8306908118146,677.3197631835938,15817859,710.044552337827,,710.044552337827,,,0,1
2020-01-16,685.9870681704153,679.1642982841934,683.5646362304688,12847975,710.044552337827,,710.044552337827,,,0,1
2020-01-17,704.4774746228662,690.3652733543646,702.7218017578125,29463471,710.044552337827,,710.044552337827,,,0,1
2020-01-20,715.1671839056331,678.4531740324691,681.0978393554688,32545850,710.044552337827,,710.044552337827,,,0,1
2020-01-21,687.0982670871987,676.4974128990044,681.7867431640625,18922720,710.044552337827,,710.044552337827,,,0,1
2020-01-22,687.4982662759224,680.5421568941341,681.542236328125,10322817,710.044552337827,,710.044552337827,,,0,1
2020-01-23,685.3648218775979,675.919639659977,678.6531982421875,11247739,710.044552337827,,710.044552337827,,,0,1
2020-01-24,682.8757075679335,674.9639652667912,676.2974243164062,14628445,710.044552337827,,710.044552337827,,,0,1
2020-01-27,677.5864387017032,668.9412961077958,669.6302490234375,13387750,710.044552337827,,710.044552337827,,,0,1
2020-01-28,671.1637046422753,650.5398618680343,654.162353515625,24532236,700.6482847048575,,700.6482847048575,,,0,1
2020-01-29,664.2297712156329,650.7398251152916,657.7626342773438,24746565,697.3520761265918,,697.3520761265918,,,0,1
2020-01-30,657.695999794262,640.0502005093379,641.7169799804688,22402689,690.115696155257,,690.115696155257,,,0,1
2020-01-31,645.939564898125,625.4713125471548,627.44921875,34750310,679.011390195571,,679.011390195571,,,0,1
2020-02-03,622.2487383068302,605.8474473828643,615.8259887695312,30712290,659.5293845470799,,659.5293845470799,,,0,1
2020-02-04,636.7165545891762,621.2931483823223,634.0052490234375,25383901,659.5293845470799,,659.5293845470799,,,0,1
2020-02-05,645.739451695524,635.7387161491959,643.8281860351562,18472100,659.5293845470799,,659.5293845470799,,,0,1
2020-02-06,652.0511257771,640.0946766183728,647.9619140625,15538577,659.5293845470799,,659.5293845470799,,,0,1
2020-02-07,645.5394848614658,634.8497368722424,637.2277221679688,12209212,659.5293845470799,,659.5293845470799,,,0,1
2020-02-10,642.4948205388281,626.9158208150146,638.094482421875,15142476,659.5293845470799,,659.5293845470799,,,0,1
2020-02-11,651.6954477397312,642.2947129073625,645.7172241210938,13999816,659.5293845470799,,659.5293845470799,,,0,1
2020-02-12,655.5401729199012,646.7172454120079,653.5177612304688,13533565,659.5293845470799,,659.5293845470799,,,0,1
2020-02-13,656.829142769886,650.0952670855239,655.22900390625,13565659,659.5293845470799,,659.5293845470799,,,0,1
2020-02-14,667.3633467396311,645.872765114771,661.2073364257812,21227841,613.6426611508383,613.6426611508383,,661.2073364257812,,1,1
2020-02-17,669.4524264282971,655.2957799521762,657.0514526367188,13149130,619.4465307879555,619.4465307879555,,,,0,1
2020-02-18,656.0069667295821,647.7840970227097,652.2288818359375,11127161,619.4465307879555,619.4465307879555,,,,0,1
2020-02-19,669.5857640681234,655.6513509335095,668.4078979492188,14084409,620.1238408382708,620.1238408382708,,,,0,1
2020-02-20,670.2747547954036,659.5183661426878,660.4739990234375,16892268,623.3596055160499,623.3596055160499,,,,0,1
2020-02-24,656.4959074741384,639.8501870586691,642.2503662109375,21370214,623.3596055160499,623.3596055160499,,,,0,1
2020-02-25,645.1171074680283,626.7156593389093,629.5603637695312,27745062,623.3596055160499,623.3596055160499,,,,0,1
2020-02-26,627.7603115254227,616.6483495071591,618.7151489257812,29362748,666.1982392752616,,666.1982392752616,,618.7151489257812,-1,0
2020-02-27,619.5152356966637,608.4921078814879,616.159423828125,25054993,656.9840844992046,,656.9840844992046,,,0,0
2020-02-28,603.1583869115789,588.9350402815693,590.557373046875,39315769,642.6100735245549,,642.6100735245549,,,0,0
2020-03-02,608.4921495314051,578.3120343083042,585.00146484375,29500495,642.6100735245549,,642.6100735245549,,,0,0
2020-03-03,601.7804616581826,587.6015621465286,596.8689575195312,27398798,642.6100735245549,,642.6100735245549,,,0,0
2020-03-04,601.7360291167284,581.3344188857429,595.4688720703125,22105261,642.6100735245549,,642.6100735245549,,,0,0
2020-03-05,603.5806207027624,580.4898998391515,582.7789916992188,30510390,642.6100735245549,,642.6100735245549,,,0,0
2020-03-06,572.555912503646,551.643139060906,564.9330444335938,33734039,619.0038619134594,,619.0038619134594,,,0,0
2020-03-09,551.5987394153932,486.70478054440537,495.216552734375,88187018,592.3862781923897,,592.3862781923897,,,0,0
2020-03-11,523.7965797910558,492.48301825847904,512.7290649414062,59578576,583.2745014983276,,583.2745014983276,,,0,0
2020-03-12,489.3716817020442,466.1254252976418,472.4814758300781,55970485,558.8134284937261,,558.8134284937261,,,0,0
2020-03-13,506.70630311580015,418.87724736735294,491.28289794921875,73297403,558.8134284937261,,558.8134284937261,,,0,0
2020-03-16,479.9042426804246,446.7016398261295,451.45758056640625,38482258,558.8134284937261,,558.8134284937261,,,0,0
2020-03-17,471.14804193858095,445.9016266878739,448.0351257324219,45445979,557.2780534731608,,557.2780534731608,,,0,0
2020-03-18,460.4360888156444,427.1445914647442,430.4781799316406,44730415,542.6460897508684,,542.6460897508684,,,0,0
2020-03-19,429.811446579753,396.5643961814366,407.89862060546875,61404010,512.3073933328837,,512.3073933328837,,,0,0
2020-03-20,459.99155749005394,413.3656801547638,452.4576416015625,63360475,512.3073933328837,,512.3073933328837,,,0,0
2020-03-23,422.2552961840976,389.20825658636795,392.94189453125,40670949,512.3073933328837,,512.3073933328837,,,0,0
2020-03-24,431.14488473834024,398.16454329787035,419.3217468261719,45734887,512.3073933328837,,512.3073933328837,,,0,0
2020-03-25,511.8400203197025,428.1446255656268,481.0376281738281,73130298,512.3073933328837,,512.3073933328837,,,0,0
2020-03-26,496.438886927901,463.30295320550255,473.9037780761719,45744488,512.3073933328837,,512.3073933328837,,,0,0
2020-03-27,492.1718753077845,465.0141959953154,473.6370849609375,41657940,512.3073933328837,,512.3073933328837,,,0,0
2020-03-30,477.726297875878,453.36884692487894,458.0136413574219,30229866,512.3073933328837,,512.3073933328837,,,0,0
2020-03-31,502.1726236778224,465.8142500551252,495.03875732421875,44292810,512.3073933328837,,512.3073933328837,,,0,0
2020-04-01,499.8614063852873,464.569777370181,480.2376708984375,41597459,512.3073933328837,,512.3073933328837,,,0,0
2020-04-03,504.23948001125336,469.5034094932028,478.9041442871094,41367807,512.3073933328837,,512.3073933328837,,,0,0
2020-04-07,539.5978323664632,488.92721478272705,536.0864868164062,54373624,392.4726444624309,392.4726444624309,,536.0864868164062,,1,1
2020-04-08,546.2650857668992,515.5959986975571,529.885986328125,49880330,411.8527446451046,411.8527446451046,,,,0,1
2020-04-09,547.9539752199271,530.2637316181676,542.242431640625,33032857,425.937726648816,425.937726648816,,,,0,1
2020-04-13,540.0423390723114,524.4855335915229,528.5525512695312,23673784,425.937726648816,425.937726648816,,,,0,1
2020-04-15,549.3763668882934,508.03978752748816,511.08447265625,35321842,425.937726648816,425.937726648816,,,,0,1
2020-04-16,527.7969005268112,508.9287891939659,519.1740112304688,37455706,425.937726648816,425.937726648816,,,,0,1
2020-04-17,546.7095208023726,530.1081890115391,544.0426025390625,33269335,435.97946965489723,435.97946965489723,,,,0,1
2020-04-20,558.7104003536515,534.2640854444917,552.8433227539062,36030932,446.70496143467807,446.70496143467807,,,,0,1
2020-04-21,556.4880244391228,517.3738956987382,549.9764404296875,61371628,446.70496143467807,446.70496143467807,,,,0,1
2020-04-22,615.5592921630953,577.8230137994371,606.0918579101562,142683366,486.6344293395905,486.6344293395905,,,,0,1
2020-04-23,615.9816535152389,601.5138201273064,609.336669921875,65464502,504.7547311921841,504.7547311921841,,,,0,1
2020-04-24,664.474298809198,598.8024898437227,629.8271484375,134986308,519.1833064932309,519.1833064932309,,,,0,1
2020-04-27,655.6068775188911,632.4939633269751,635.4942016601562,58482901,534.7895740427183,534.7895740427183,,,,0,1
2020-04-28,646.9173155110108,618.781809291507,634.7830810546875,78453401,534.7895740427183,534.7895740427183,,,,0,1
2020-04-29,646.1173092890285,631.1605628909895,634.2496948242188,37494672,537.2897202894817,537.2897202894817,,,,0,1
2020-04-30,664.4742603410022,639.183400337268,651.6065673828125,71345899,551.4505471936999,551.4505471936999,,,,0,1
2020-05-04,651.1621478415094,630.0271377650863,637.9166870117188,53456868,551.4505471936999,551.4505471936999,,,,0,1
2020-05-05,657.3848052099801,643.2503529738001,649.2285766601562,44903763,556.7030425220737,556.7030425220737,,,,0,1
2020-05-06,660.0295207874573,642.4948089565052,649.2731323242188,40489094,561.3770901243308,561.3770901243308,,,,0,1
2020-05-07,672.7861507464925,642.272654364087,669.80810546875,50026966,567.4937899577106,567.4937899577106,,,,0,1
2020-05-08,702.2327674885126,683.209063258368,694.187744140625,84262770,602.0270874415916,602.0270874415916,,,,0,1
2020-05-11,717.8339554439831,698.8546995697496,700.8548583984375,67085063,619.4468763263441,619.4468763263441,,,,0,1
2020-05-12,697.0990697485263,651.1621135263047,657.4959106445312,100683202,619.4468763263441,619.4468763263441,,,,0,1
2020-05-13,685.153412714895,652.3988372397204,671.4458618164062,66430125,619.4468763263441,619.4468763263441,,,,0,1
2020-05-14,671.558074774197,641.6527114198811,644.2999877929688,49266771,619.4468763263441,619.4468763263441,,,,0,1
2020-05-15,658.0972406963097,634.9446870036935,654.82177734375,62152260,619.4468763263441,619.4468763263441,,,,0,1
2020-05-18,664.962298653809,640.7329336678399,646.4537353515625,62796089,619.4468763263441,619.4468763263441,,,,0,1
2020-05-19,655.8538615712325,629.6277799037937,632.162841796875,42315854,619.4468763263441,619.4468763263441,,,,0,1
2020-05-20,649.1907753590392,625.0286448482476,643.2904663085938,55320985,619.4468763263441,619.4468763263441,,,,0,1
2020-05-21,655.741597225167,639.3867700959587,646.6780395507812,39167981,619.4468763263441,619.4468763263441,,,,0,1
2020-05-22,654.1936556279832,640.0598550842761,642.3257446289062,37828973,619.4468763263441,619.4468763263441,,,,0,1
2020-05-26,650.4694025423514,635.4830475597073,638.96044921875,33216635,619.4468763263441,619.4468763263441,,,,0,1
2020-05-27,652.3989197497875,633.5538313412459,648.6074829101562,35667956,619.4468763263441,619.4468763263441,,,,0,1
2020-05-28,663.9526509392282,650.1553760077749,660.5874633789062,40126278,619.4468763263441,619.4468763263441,,,,0,1
2020-05-29,660.4752347742862,651.7930648897774,657.065185546875,40022527,619.4468763263441,619.4468763263441,,,,0,1
2020-06-01,690.2460906729883,662.2476633882758,682.1696166992188,39943702,619.4468763263441,619.4468763263441,,,,0,1
2020-06-02,690.9864308997645,682.3714937068584,689.0570068359375,22153960,619.5047094262204,619.5047094262204,,,,0,1
2020-06-03,699.9603599102154,688.0026645222882,691.7268676757812,25381289,629.6529750970208,629.6529750970208,,,,0,1
2020-06-04,713.1967523213647,691.4351569894708,708.8444213867188,34202350,637.9004815113042,637.9004815113042,,,,0,1
2020-06-05,725.9844340903462,706.1073421092431,709.6968994140625,33076685,652.0653615715868,652.0653615715868,,,,0,1
2020-06-08,726.1638786852529,702.2036895996921,704.2227783203125,31414953,652.0653615715868,652.0653615715868,,,,0,1
2020-06-09,710.2801508441462,687.8455090347283,689.7075805664062,25857161,652.0653615715868,652.0653615715868,,,,0,1
2020-06-10,708.7322519658934,691.0088942356359,705.4119262695312,22132647,652.0653615715868,652.0653615715868,,,,0,1
2020-06-11,703.5273118324621,686.9481749497168,689.9544067382812,20385805,652.0653615715868,652.0653615715868,,,,0,1
2020-06-12,714.7671321189952,671.6926230619157,712.8826293945312,38548899,652.0653615715868,652.0653615715868,,,,0,1
2020-06-15,730.0002466029582,700.4538400052858,724.4364624023438,53107403,652.0653615715868,652.0653615715868,,,,0,1
2020-06-16,739.6919912577446,711.3121759901904,725.849853515625,51187003,653.080616816856,653.080616816856,,,,0,1
2020-06-17,733.8140443108148,718.8501787284276,724.7953491210938,41782053,656.4134127799468,656.4134127799468,,,,0,1
2020-06-18,747.0729059084243,720.4205790603181,742.9898071289062,40471557,662.915455233057,662.915455233057,,,,0,1
2020-06-19,802.6211465295671,745.7269861025105,789.4296264648438,105804173,693.5187237727419,693.5187237727419,,,,0,1
2020-06-22,809.5309470779038,778.4814259998361,783.484375,60198705,712.2150787235607,712.2150787235607,,,,0,1
2020-06-23,791.3813810043065,770.0011728229877,772.1549072265625,37962078,712.2150787235607,712.2150787235607,,,,0,1
2020-06-24,795.3970835207147,768.0268458926251,775.273193359375,51586221,712.2150787235607,712.2150787235607,,,,0,1
2020-06-25,784.7631906575357,768.6326723792233,770.808837890625,39679374,712.2150787235607,712.2150787235607,,,,0,1
2020-06-26,786.1092645426652,770.4049955877168,781.4652709960938,30921913,712.2150787235607,712.2150787235607,,,,0,1
2020-06-29,780.6127767999606,769.7544399074242,773.1644897460938,25621946,712.2150787235607,712.2150787235607,,,,0,1
2020-06-30,781.1735267950824,760.7804637141589,764.6168212890625,30276420,712.2150787235607,712.2150787235607,,,,0,1
2020-07-01,784.763114325301,766.3891392465973,779.6480102539062,28464103,712.2150787235607,712.2150787235607,,,,0,1
2020-07-02,796.336277573375,781.6718746987902,793.0700073242188,28789533,721.4429545068788,721.4429545068788,,,,0,1
2020-07-03,807.7794424873583,796.5164438545356,805.4817504882812,29434266,736.7170918219897,736.7170918219897,,,,0,1
2020-07-06,837.0630801158836,807.3739181022486,834.2698974609375,47016185,754.1228008498686,754.1228008498686,,,,0,1
2020-07-07,839.9239040035675,813.7713389341999,821.4976806640625,35189589,757.8099182729247,757.8099182729247,,,,0,1
2020-07-08,826.6786473852286,806.4278790693502,810.0320434570312,26204095,757.8099182729247,757.8099182729247,,,,0,1
2020-07-09,826.7011630513002,804.7384019319047,821.8580932617188,36418942,757.8099182729247,757.8099182729247,,,,0,1
2020-07-10,849.0469678906642,821.8581372059153,846.0960693359375,43759967,766.1586323614916,766.1586323614916,,,,0,1
2020-07-13,877.4746106274871,855.984877140806,871.7530517578125,69608392,795.1774784606017,795.1774784606017,,,,0,1
2020-07-14,874.7715436184111,850.2633440372371,863.6437377929688,67331128,795.1774784606017,795.1774784606017,,,,0,1
2020-07-15,891.4857626209146,810.0320626127883,830.755859375,139669773,795.1774784606017,795.1774784606017,,,,0,1
2020-07-16,842.0188624888542,816.5420252949649,830.485595703125,60961724,795.1774784606017,795.1774784606017,,,,0,1
2020-07-17,864.995340942872,828.0528024193491,861.2560424804688,49726765,795.1774784606017,795.1774784606017,,,,0,1
2020-07-20,870.4014866097694,855.8272322266214,864.9501953125,36592938,795.1774784606017,795.1774784606017,,,,0,1
2020-07-21,890.6748306135422,872.4288449942342,888.219482421875,42173371,797.6630386341445,797.6630386341445,,,,0,1
2020-07-22,905.5419607994844,883.3313936570194,902.8388671875,59771457,812.1167081695789,812.1167081695789,,,,0,1
2020-07-23,936.9429778063281,897.1396939200146,927.07666015625,58333751,831.3495533486246,831.3495533486246,,,,0,1
2020-07-24,974.4712129607368,927.0767184919049,966.8800048828125,120597372,859.9465498959178,859.9465498959178,,,,0,1
2020-07-27,990.5997540851099,958.6580046183548,971.4076538085938,80304827,883.3471144436387,883.3471144436387,,,,0,1
2020-07-28,988.437335024152,968.907339052237,981.0938720703125,55114422,890.3625557947634,890.3625557947634,,,,0,1
2020-07-29,983.391471836275,932.7757518396475,944.579345703125,72663399,890.3625557947634,890.3625557947634,,,,0,1
2020-07-30,963.9741496580591,933.4740644001165,950.07568359375,72857444,890.3625557947634,890.3625557947634,,,,0,1
2020-07-31,959.1536220354361,924.8241485726937,931.2665405273438,74958061,890.3625557947634,890.3625557947634,,,,0,1
2020-08-03,926.7163606345038,902.4333830058856,905.0914916992188,46715383,890.3625557947634,890.3625557947634,,,,0,1
2020-08-04,976.2733342987738,901.1494119816443,968.8848266601562,92041055,890.3625557947634,890.3625557947634,,,,0,1
2020-08-05,989.3383526214908,954.3330902772359,958.0048217773438,74549993,890.3625557947634,890.3625557947634,,,,0,1
2020-08-06,976.5886639939743,949.6025944340345,961.4512329101562,49322975,890.3625557947634,890.3625557947634,,,,0,1
2020-08-07,972.1285338578833,955.189080116882,967.01513671875,32984416,890.3625557947634,890.3625557947634,,,,0,1
2020-08-10,975.3723520229988,949.7378571545474,955.0314331054688,26958997,890.3625557947634,890.3625557947634,,,,0,1
2020-08-11,973.1196331824553,946.2461767924528,961.3160400390625,46828306,890.3625557947634,890.3625557947634,,,,0,1
2020-08-12,966.3618994687254,949.1520594650798,958.5228271484375,30264617,890.3625557947634,890.3625557947634,,,,0,1
2020-08-13,963.6137300147037,950.5937530109505,956.0225219726562,24830322,890.3625557947634,890.3625557947634,,,,0,1
2020-08-14,971.7680934729434,941.2454866828444,952.3057250976562,33224635,890.3625557947634,890.3625557947634,,,,0,1
2020-08-17,948.3411928368847,932.6181218362677,942.191650390625,30979066,890.3625557947634,890.3625557947634,,,,0,1
2020-08-18,961.5413976505374,938.1369698431415,954.4457397460938,30547672,890.3625557947634,890.3625557947634,,,,0,1
2020-08-19,970.4165504015073,955.7071034166063,960.3023681640625,34087543,890.3625557947634,890.3625557947634,,,,0,1
2020-08-20,956.8560266633285,940.6823898611303,944.7595825195312,22537845,890.3625557947634,890.3625557947634,,,,0,1
2020-08-21,956.0000118815813,935.7266611340216,937.9116821289062,25280895,890.3625557947634,890.3625557947634,,,,0,1
2020-08-24,948.1158881795454,932.7982785981732,944.1738891601562,32717218,890.3625557947634,890.3625557947634,,,,0,1
2020-08-25,951.1794006553265,936.1771042299589,938.0242309570312,19388008,890.3625557947634,890.3625557947634,,,,0,1
2020-08-26,967.6908471818446,922.2110502112628,962.892822265625,59870421,890.3625557947634,890.3625557947634,,,,0,1
2020-08-27,968.6144478107659,947.5526989975119,950.864013671875,28085062,890.3625557947634,890.3625557947634,,,,0,1
2020-08-28,960.9106040981085,948.9043099190542,953.3644409179688,27166900,890.3625557947634,890.3625557947634,,,,0,1
2020-08-31,979.42696831373,928.2255483219905,937.3936157226562,62076132,890.3625557947634,890.3625557947634,,,,0,1
2020-09-01,956.1801021899199,929.1489902120487,940.3444213867188,38616258,890.3625557947634,890.3625557947634,,,,0,1
2020-09-02,963.20823825629,939.3307836731491,958.7931518554688,26949439,890.3625557947634,890.3625557947634,,,,0,1
2020-09-03,963.5462121874233,947.4402020779984,951.5399169921875,18586429,890.3625557947634,890.3625557947634,,,,0,1
2020-09-04,944.7145124442969,933.56418416935,935.8392944335938,28475945,890.3625557947634,890.3625557947634,,,,0,1
2020-09-07,948.6790674982745,920.9721648541253,938.2720947265625,21926473,890.3625557947634,890.3625557947634,,,,0,1
2020-09-08,955.5494463442553,937.3034604683896,949.2872924804688,27397082,890.3625557947634,890.3625557947634,,,,0,1
2020-09-09,976.6336980663355,937.7314235383731,973.7278442382812,55310877,890.3625557947634,890.3625557947634,,,,0,1
2020-09-10,1056.4432053977112,980.0352095417437,1042.4996337890625,140304404,925.5880656459719,925.5880656459719,,,,0,1
2020-09-11,1053.2443507347086,1030.380637081132,1045.0899658203125,59470807,951.3486250146852,951.3486250146852,,,,0,1
2020-09-14,1063.223236645786,1028.0827276556586,1037.3409423828125,44063445,953.8293260890375,953.8293260890375,,,,0,1
2020-09-15,1047.7932473952685,1030.8537318092974,1044.6846923828125,27178393,953.8293260890375,953.8293260890375,,,,0,1
2020-09-16,1067.4356429269942,1040.9452430659796,1047.25244140625,33952295,966.8785897257437,966.8785897257437,,,,0,1
2020-09-17,1051.374619255191,1032.5203549427947,1035.6290283203125,25828669,966.8785897257437,966.8785897257437,,,,0,1
2020-09-18,1044.9547181196904,1025.6274849821395,1038.7601318359375,33074915,966.8785897257437,966.8785897257437,,,,0,1
2020-09-21,1052.4108514597813,1012.4723733877628,1016.3018798828125,33627381,966.8785897257437,966.8785897257437,,,,0,1
2020-09-22,1025.8302144238578,991.8386382187522,996.1636352539062,34792254,966.8785897257437,966.8785897257437,,,,0,1
2020-09-23,1025.7176916633389,993.5281947709943,1005.016357421875,42988708,966.8785897257437,966.8785897257437,,,,0,1
2020-09-24,1002.8537955203095,980.3504400258486,982.670654296875,29826318,966.8785897257437,966.8785897257437,,,,0,1
2020-09-25,996.9070354959864,976.408462421857,991.90625,28374935,966.8785897257437,966.8785897257437,,,,0,1
2020-09-28,1008.2601759356156,994.316605308814,998.4613647460938,19666849,966.8785897257437,966.8785897257437,,,,0,1
2020-09-29,1019.9735433669206,998.4613467455409,1011.436279296875,25842539,966.8785897257437,966.8785897257437,,,,0,1
2020-09-30,1021.3251122955663,1002.4033978653226,1006.6157836914062,24465159,966.8785897257437,966.8785897257437,,,,0,1
2020-10-01,1019.8833659323495,997.4475780357094,1002.5159301757812,20783227,966.8785897257437,966.8785897257437,,,,0,1
2020-10-05,1013.283322720791,993.8435360295103,996.63671875,18922799,966.8785897257437,966.8785897257437,,,,0,1
2020-10-06,1006.41301876944,991.883808220084,995.8033447265625,18412175,966.8785897257437,966.8785897257437,,,,0,1
2020-10-07,1040.2469554675997,1000.1508191838753,1017.0452880859375,53170865,966.8785897257437,966.8785897257437,,,,0,1
2020-10-08,1021.7756505432029,1001.0968394569712,1008.8231811523438,21077808,966.8785897257437,966.8785897257437,,,,0,1
2020-10-09,1015.0179785282041,998.8443416423895,1006.2103271484375,18545499,966.8785897257437,966.8785897257437,,,,0,1
2020-10-12,1016.2568061918059,1002.966620458337,1007.8321533203125,14226473,966.8785897257437,966.8785897257437,,,,0,1
2020-10-13,1029.7724246862656,1002.7862949834162,1027.497314453125,23112012,966.8785897257437,966.8785897257437,,,,0,1
2020-10-14,1037.99434285575,1022.0008856648739,1030.560791015625,26742011,966.8785897257437,966.8785897257437,,,,0,1
2020-10-15,1031.6870524645683,988.887822500482,994.0687866210938,20036197,966.8785897257437,966.8785897257437,,,,0,1
2020-10-16,1005.7822603327215,978.8187715043443,980.2379150390625,21583600,966.8785897257437,966.8785897257437,,,,0,1
2020-10-19,1004.0701990987825,970.9345900582213,980.41796875,31200385,966.8785897257437,966.8785897257437,,,,0,1
2020-10-20,987.9867518975509,969.6280959521545,971.2725219726562,18482288,966.8785897257437,966.8785897257437,,,,0,1
2020-10-21,987.5362136484362,945.0748221964615,957.1712646484375,34082321,1046.521213585145,,1046.521213585145,,957.1712646484375,-1,0
2020-10-22,960.7304099822182,942.0339184506348,949.2196655273438,30802210,1029.4045670460869,,1029.4045670460869,,,0,0
2020-10-23,961.8567364891571,944.466776337217,951.9678955078125,23422125,1028.8339299276818,,1028.8339299276818,,,0,0
2020-10-26,946.967091403651,909.3713474737497,914.1468505859375,37324416,1008.579344840295,,1008.579344840295,,,0,0
2020-10-27,928.0003081767238,903.2894068160628,916.5797119140625,36478896,995.4843082308724,,995.4843082308724,,,0,0
2020-10-28,927.031657834185,904.3705859295419,906.1951904296875,29924017,994.4627330661074,,994.4627330661074,,,0,0
2020-10-29,919.9585687661462,896.9821238725175,913.1557006835938,30655304,986.3381141828929,,986.3381141828929,,,0,0
2020-10-30,930.3655299602291,910.8580564795666,925.5900268554688,34021563,986.3381141828929,,986.3381141828929,,,0,0
2020-11-02,913.2006762442844,837.5812098875223,845.82568359375,99366895,968.5834385574965,,968.5834385574965,,,0,0
2020-11-03,860.0395298836959,826.7462628871148,833.63916015625,88691623,937.1933287415886,,937.1933287415886,,,0,0
2020-11-04,869.0499411301462,827.6022299523573,861.9317016601562,80180117,937.1933287415886,,937.1933287415886,,,0,0
2020-11-05,883.4439990232453,870.4014994473526,880.763427734375,37205373,937.1933287415886,,937.1933287415886,,,0,0
2020-11-06,919.0574258295586,891.192868429847,914.1693115234375,66674086,937.1933287415886,,937.1933287415886,,,0,0
2020-11-09,932.1225261423149,917.255421651305,923.8780517578125,35838510,937.1933287415886,,937.1933287415886,,,0,0
2020-11-10,941.5833999493456,919.5981160756965,939.1280517578125,36934242,841.1409315767944,841.1409315767944,,939.1280517578125,,1,1
2020-11-11,943.8359849665155,891.170378132706,899.7752685546875,56724780,841.1409315767944,841.1409315767944,,,,0,1
2020-11-12,904.8435818060002,885.2685428417434,892.0263061523438,40046527,841.1409315767944,841.1409315767944,,,,0,1
2020-11-13,917.548230079061,892.8148080339214,899.4148559570312,45388670,841.1409315767944,841.1409315767944,,,,0,1
2020-11-14,907.9296281035528,898.9417991853062,902.0728759765625,5226220,841.1409315767944,841.1409315767944,,,,0,1
2020-11-17,939.3308289918554,894.278951520564,897.9957275390625,46542562,841.1409315767944,841.1409315767944,,,,0,1
2020-11-18,903.9651196670435,883.061025889759,895.2700805664062,30402290,841.1409315767944,841.1409315767944,,,,0,1
2020-11-19,905.7446273179556,886.7102420654246,888.9403076171875,27796343,841.1409315767944,841.1409315767944,,,,0,1
2020-11-20,893.738324489843,853.7322787541673,855.7596435546875,57471248,841.1409315767944,841.1409315767944,,,,0,1
2020-11-23,887.5212129768014,867.8110383669763,878.8262329101562,45327567,841.1409315767944,841.1409315767944,,,,0,1
2020-11-24,889.3232294939671,870.4014561182311,884.840576171875,30936268,841.1409315767944,841.1409315767944,,,,0,1
2020-11-25,897.8605080779988,874.9967369602906,877.5195922851562,32637879,841.1409315767944,841.1409315767944,,,,0,1
2020-11-26,885.268553795406,869.5229615119141,879.68212890625,25838637,841.1409315767944,841.1409315767944,,,,0,1
2020-11-27,881.2589780567562,865.6259964083021,869.4103393554688,47336811,841.1409315767944,841.1409315767944,,,,0,1
2020-12-01,885.8317810235884,869.5230110696674,880.7183837890625,19750687,841.1409315767944,841.1409315767944,,,,0,1
2020-12-02,883.9170714662235,871.7530611308006,882.1825561523438,22188887,841.1409315767944,841.1409315767944,,,,0,1
2020-12-03,892.5219327876443,882.4077503511776,884.840576171875,27785372,841.1409315767944,841.1409315767944,,,,0,1
2020-12-04,887.0707264939509,874.0057040150209,877.0466918945312,18464552,841.1409315767944,841.1409315767944,,,,0,1
2020-12-07,885.2685881158955,874.2759759183251,882.205078125,18242188,841.1409315767944,841.1409315767944,,,,0,1
2020-12-08,907.4565809046846,878.5107745956993,898.220947265625,43403061,841.1409315767944,841.1409315767944,,,,0,1
2020-12-09,916.2643146396764,900.6988996430495,913.17822265625,29175254,844.9157779015786,844.9157779015786,,,,0,1
2020-12-10,913.8764468572972,901.487214234155,904.1903076171875,16065507,846.5158314308915,846.5158314308915,,,,0,1
2020-12-11,918.156467914677,889.4358825869319,903.6497802734375,26944202,846.5158314308915,846.5158314308915,,,,0,1
2020-12-14,907.7945487392886,894.8871828991371,897.1172485351562,17312747,846.5158314308915,846.5158314308915,,,,0,1
2020-12-15,896.3963766832196,883.5115337072918,889.48095703125,18551265,846.5158314308915,846.5158314308915,,,,0,1
2020-12-16,898.7616854702441,885.5839922357402,890.4721069335938,18561011,846.5158314308915,846.5158314308915,,,,0,1
2020-12-17,903.2892775220704,890.7423294599531,894.5491943359375,20252358,846.5158314308915,846.5158314308915,,,,0,1
2020-12-18,903.2443265794911,885.2686081151439,897.2298583984375,18466344,846.5158314308915,846.5158314308915,,,,0,1
2020-12-21,910.9482186925926,835.824291843092,873.8705444335938,44135540,846.5158314308915,846.5158314308915,,,,0,1
2020-12-22,882.520432359948,850.7813826967836,872.5189208984375,28140001,846.5158314308915,846.5158314308915,,,,0,1
2020-12-23,879.1640998122242,865.2880963240698,875.7401733398438,19501410,846.5158314308915,846.5158314308915,,,,0,1
2020-12-24,900.496117313226,876.6637062677166,898.4012451171875,20776988,846.5158314308915,846.5158314308915,,,,0,1
2020-12-28,909.1460670703121,898.9192731931338,902.5234375,17221499,846.5158314308915,846.5158314308915,,,,0,1
2020-12-29,906.5781107523942,893.1751358591825,896.5540771484375,18611939,846.5158314308915,846.5158314308915,,,,0,1
2020-12-30,904.2803912975706,890.0215097377464,899.0093383789062,22043630,846.5158314308915,846.5158314308915,,,,0,1
2020-12-31,906.397957577383,891.3957190133627,894.4141845703125,18781189,846.5158314308915,846.5158314308915,,,,0,1
2021-01-01,899.6851664922563,892.9274029850749,895.4052734375,10015175,846.5158314308915,846.5158314308915,,,,0,1
2021-01-04,900.5411780527974,886.6201893010665,896.91455078125,24513534,846.5158314308915,846.5158314308915,,,,0,1
2021-01-05,893.6482174186067,881.2138803891011,885.76416015625,24123091,846.5158314308915,846.5158314308915,,,,0,1
2021-01-06,885.7190630018099,858.3050705806404,862.40478515625,46401468,846.5158314308915,846.5158314308915,,,,0,1
2021-01-07,876.2582210666859,858.305085212857,861.0081787109375,32325918,846.5158314308915,846.5158314308915,,,,0,1
2021-01-08,873.2848124524136,861.4361740041695,871.1673583984375,27540187,846.5158314308915,846.5158314308915,,,,0,1
2021-01-11,873.4649851544707,852.6059953359468,854.7459716796875,33307825,846.5158314308915,846.5158314308915,,,,0,1
2021-01-12,883.016006405711,855.939847400958,881.68701171875,41161546,846.5158314308915,846.5158314308915,,,,0,1
2021-01-13,889.7512126433941,864.2969584497034,873.4649658203125,26619458,846.5158314308915,846.5158314308915,,,,0,1
2021-01-14,886.1246028329247,873.5776539171587,883.2863159179688,21553242,846.5158314308915,846.5158314308915,,,,0,1
2021-01-15,889.2331476992997,865.0177987201728,872.8568115234375,20593268,846.5158314308915,846.5158314308915,,,,0,1
2021-01-18,899.68512138259,866.5044672846426,893.8058471679688,35100458,846.5158314308915,846.5158314308915,,,,0,1
2021-01-19,915.0027572986346,898.6264214206217,908.4252319335938,32006615,846.5158314308915,846.5158314308915,,,,0,1
2021-01-20,927.1668251641797,901.6674654304439,925.6801147460938,30924537,849.9503098245315,849.9503098245315,,,,0,1
2021-01-21,955.0989775561875,934.8256856148297,945.8182983398438,39087742,878.3327912983888,878.3327912983888,,,,0,1
2021-01-22,953.0040419768603,916.8724280956625,923.3824462890625,30532660,878.3327912983888,878.3327912983888,,,,0,1
2021-01-25,916.7823792834811,870.4015065436241,874.4561767578125,54207104,972.0652772669323,,972.0652772669323,,874.4561767578125,-1,0
2021-01-27,867.247886726304,850.5787005920929,853.7322998046875,42370131,936.7647274801898,,936.7647274801898,,,0,0
2021-01-28,866.4819766531667,842.4693286844828,845.4202270507812,34067814,931.7985874066363,,931.7985874066363,,,0,0
2021-01-29,861.8866362020433,824.4485513119654,829.832275390625,43712383,923.6715575796009,,923.6715575796009,,,0,0
2021-02-01,858.2374750462529,832.5579373689392,853.8674926757812,34180952,923.6715575796009,,923.6715575796009,,,0,0
2021-02-02,874.0057463636647,835.6891661430617,867.6083984375,41470034,923.6715575796009,,923.6715575796009,,,0,0
2021-02-03,879.4117867184846,855.9848382676079,869.7932739257812,30301696,923.6715575796009,,923.6715575796009,,,0,0
2021-02-04,874.0056304631007,858.2374560112934,866.9324951171875,25626981,923.6715575796009,,923.6715575796009,,,0,0
2021-02-05,876.1005643873779,864.9952812911372,866.6846923828125,20248046,923.6715575796009,,923.6715575796009,,,0,0
2021-02-08,887.0707037355985,869.0725222787104,879.1641235351562,21183400,923.6715575796009,,923.6715575796009,,,0,0
2021-02-09,896.3513584928992,879.5470383920584,881.281494140625,19604141,923.6715575796009,,923.6715575796009,,,0,0
2021-02-10,894.1663100166083,868.284012580103,889.4583740234375,21234156,923.6715575796009,,923.6715575796009,,,0,0
2021-02-11,929.9600623627101,888.534871627177,926.130615234375,42539278,832.018115347334,832.018115347334,,926.130615234375,,1,1
2021-02-12,936.1771174436684,907.9746658995566,919.7782592773438,30497029,844.1758124799353,844.1758124799353,,,,0,1
2021-02-15,928.6535206983089,912.299706361473,915.7236328125,15791099,845.1982285365075,845.1982285365075,,,,0,1
2021-02-16,936.8078972257623,916.8048739932503,927.8425903320312,21421660,852.6212362300884,852.6212362300884,,,,0,1
2021-02-17,944.2639169718823,923.8329115630621,938.5423583984375,23742994,861.0352769928706,861.0352769928706,,,,0,1
2021-02-18,949.872878254566,927.6623127028075,931.5368041992188,18646877,866.3345891694794,866.3345891694794,,,,0,1
2021-02-19,948.3186006424515,925.0493081190712,937.2133178710938,23403483,866.3345891694794,866.3345891694794,,,,0,1
2021-02-22,941.5383605525949,898.7616534172472,904.6859130859375,23804335,866.3345891694794,866.3345891694794,,,,0,1
2021-02-23,924.8691611845592,907.1637705954686,911.6013793945312,25644108,866.3345891694794,866.3345891694794,,,,0,1
2021-02-24,930.4331264642979,912.8178239052473,928.5184326171875,10807663,866.3345891694794,866.3345891694794,,,,0,1
2021-02-25,969.5154793215182,933.9245210911986,966.0690307617188,34855693,873.2459293160215,873.2459293160215,,,,0,1
2021-02-26,961.3611350585567,932.888355368918,939.6912231445312,37481215,873.2459293160215,873.2459293160215,,,,0,1
2021-03-01,951.4948001992394,929.1940854261734,946.8544311523438,17680764,873.2459293160215,873.2459293160215,,,,0,1
2021-03-02,959.6041209295291,941.1779565356954,948.7916870117188,17150760,873.399147629495,873.399147629495,,,,0,1
2021-03-03,1000.1057991383875,949.3323615515188,992.0865478515625,31924461,890.7316942166594,890.7316942166594,,,,0,1
2021-03-04,986.612739875756,972.0835295440645,980.2604370117188,21435754,897.5405968730543,897.5405968730543,,,,0,1
2021-03-05,996.5240239963734,969.9884626626614,981.5442504882812,25511666,901.6487831140906,901.6487831140906,,,,0,1
2021-03-08,1005.5119794211515,976.7238863679983,987.130859375,19506841,909.0780345933266,909.0780345933266,,,,0,1
2021-03-09,997.3575315620216,967.0827299856221,987.1082153320312,15154484,909.0780345933266,909.0780345933266,,,,0,1
2021-03-10,997.943213482108,977.7374308920221,983.0084838867188,11519358,909.0780345933266,909.0780345933266,,,,0,1
2021-03-12,994.0237111331255,956.8559521106749,963.028076171875,16864952,909.0780345933266,909.0780345933266,,,,0,1
2021-03-15,968.118908647275,937.3034515628002,950.0982055664062,16698099,909.0780345933266,909.0780345933266,,,,0,1
2021-03-16,957.8020639093758,944.0612542758305,946.35888671875,13873801,909.0780345933266,909.0780345933266,,,,0,1
2021-03-17,947.4401732043492,916.8499386235114,925.9729614257812,19210236,909.0780345933266,909.0780345933266,,,,0,1
2021-03-18,939.2407241971841,901.4872655639527,905.136474609375,20647480,1004.7613973924978,,1004.7613973924978,,905.136474609375,-1,0
2021-03-19,944.2189391846571,893.2878468160234,937.979248046875,41787429,1004.7613973924978,,1004.7613973924978,,,0,0
2021-03-22,934.3750564054266,915.9939372532044,929.1490478515625,18572478,1004.7613973924978,,1004.7613973924978,,,0,0
2021-03-23,950.4586037527192,926.265776965029,940.4570922851562,17421165,1004.7613973924978,,1004.7613973924978,,,0,0
2021-03-24,936.9655512951374,919.2376978634705,922.3462524414062,16822814,1004.7613973924978,,1004.7613973924978,,,0,0
2021-03-25,925.3647455647979,894.27896052163,897.184814453125,22001648,995.4100160881203,,995.4100160881203,,,0,0
2021-03-26,907.2088946997333,889.1881902813976,898.6265258789062,20180202,980.9207010091169,,980.9207010091169,,,0,0
2021-03-30,923.0671117812697,897.2298578598123,914.2369384765625,20441701,980.9207010091169,,980.9207010091169,,,0,0
2021-03-31,923.5175603921073,900.5861618150694,902.4332885742188,16250796,980.9207010091169,,980.9207010091169,,,0,0
2021-04-01,914.552285541905,902.4558421844335,910.8805541992188,11723312,980.9207010091169,,980.9207010091169,,,0,0
2021-04-05,912.2997808331786,883.9621918131227,897.7030029296875,14875099,975.8272443795599,,975.8272443795599,,,0,0
2021-04-06,903.2667624061376,887.0706054535934,893.9635620117188,14009194,970.2187795136584,,970.2187795136584,,,0,0
2021-04-07,922.1660451523271,898.0182634212515,902.3206787109375,24266353,970.2187795136584,,970.2187795136584,,,0,0
2021-04-08,910.9480789135152,897.8830579334954,903.4469604492188,15369188,970.2187795136584,,970.2187795136584,,,0,0
2021-04-09,903.8975188375896,892.0263579577361,892.949951171875,14037885,967.1817196514331,,967.1817196514331,,,0,0
2021-04-12,883.6467282665446,856.097541974294,861.0081787109375,20901482,942.8498660413693,,942.8498660413693,,,0,0
2021-04-13,874.2759822908296,864.0266656295772,870.3114013671875,19411189,939.1132075919464,,939.1132075919464,,,0,0
2021-04-15,883.4665123022764,861.8416446123676,875.94287109375,19723716,939.1132075919464,,939.1132075919464,,,0,0
2021-04-16,878.4657842482881,867.9010957716634,870.446533203125,15656948,939.1132075919464,,939.1132075919464,,,0,0
2021-04-19,863.373362014377,851.4796793446795,856.750732421875,18478808,922.6561668753338,,922.6561668753338,,,0,0
2021-04-20,864.5448274074115,851.6825646524493,856.5031127929688,17203668,920.921264232016,,920.921264232016,,,0,0
2021-04-22,862.494850590157,845.4877714071991,858.8681640625,14490954,915.7273945959262,,915.7273945959262,,,0,0
2021-04-23,864.4996441243574,853.8899712054802,857.9446411132812,11828857,915.7273945959262,,915.7273945959262,,,0,0
2021-04-26,883.9170472719262,861.1658268276295,873.0369873046875,20846778,915.7273945959262,,915.7273945959262,,,0,0
2021-04-27,899.7752495248515,873.2172236325358,895.92333984375,19992524,915.7273945959262,,915.7273945959262,,,0,0
2021-04-28,904.6408600669971,892.0939706768398,899.8203125,17122437,915.7273945959262,,915.7273945959262,,,0,0
2021-04-29,921.0848158107564,904.3255407667671,911.8717041015625,17412606,915.7273945959262,,915.7273945959262,,,0,0
2021-04-30,917.2553904271778,895.4278220004542,898.5588989257812,19828769,915.7273945959262,,915.7273945959262,,,0,0
2021-05-03,891.5758418904803,875.4022657164967,882.5880126953125,23640186,915.7273945959262,,915.7273945959262,,,0,0
2021-05-04,886.5300943640024,860.9406453907566,863.4635009765625,21849830,915.7273945959262,,915.7273945959262,,,0,0
2021-05-05,873.3298629137292,859.6115752441601,865.0403442382812,12393609,915.7273945959262,,915.7273945959262,,,0,0
2021-05-06,871.7530710155255,858.9583168603741,869.9509887695312,14624666,915.7273945959262,,915.7273945959262,,,0,0
2021-05-07,881.0562068455372,867.6983364946898,870.288818359375,12288548,915.7273945959262,,915.7273945959262,,,0,0
2021-05-10,877.0691306225928,865.4232528192725,867.7884521484375,13941237,915.7273945959262,,915.7273945959262,,,0,0
2021-05-11,873.3523218109059,860.4900017908834,870.9195556640625,13478264,915.7273945959262,,915.7273945959262,,,0,0
2021-05-12,870.8069194455871,859.1385193121614,861.9091796875,13177961,915.7273945959262,,915.7273945959262,,,0,0
2021-05-14,874.9067012196341,858.6880795973807,872.789306640625,13291616,915.7273945959262,,915.7273945959262,,,0,0
2021-05-17,884.5702676283775,869.6806416143851,883.1737060546875,11873078,915.7273945959262,,915.7273945959262,,,0,0
2021-05-18,902.2080785529326,888.6474473940489,895.6079711914062,12064918,915.7273945959262,,915.7273945959262,,,0,0
2021-05-19,908.4478481014964,888.4223012506426,899.707763671875,16317002,915.7273945959262,,915.7273945959262,,,0,0
2021-05-20,905.947327579174,892.4768459471954,894.4591064453125,11422532,915.7273945959262,,915.7273945959262,,,0,0
2021-05-21,905.3616682717221,894.7294728994059,902.185546875,10785605,915.7273945959262,,915.7273945959262,,,0,0
2021-05-24,905.4518992381062,892.9274717736173,894.5718383789062,8551760,915.7273945959262,,915.7273945959262,,,0,0
2021-05-25,899.6852239269465,883.0160371287393,884.4351806640625,14780102,915.7273945959262,,915.7273945959262,,,0,0
2021-05-26,891.8011316136922,885.4037843818021,887.543701171875,7480204,915.7273945959262,,915.7273945959262,,,0,0
2021-05-27,897.8831398522608,884.0297178472524,890.2694091796875,26819294,915.7273945959262,,915.7273945959262,,,0,0
2021-05-28,948.341114335329,896.5315363240566,943.745849609375,56469931,864.9172458088403,864.9172458088403,,943.745849609375,,1,1
2021-05-31,987.4011545928483,939.3533915275544,973.2548828125,59124142,897.9832653870734,897.9832653870734,,,,0,1
2021-06-01,992.0414202215442,967.0376124915059,977.1292724609375,28013832,913.2711981818528,913.2711981818528,,,,0,1
2021-06-02,995.4203893967616,971.7681560861182,991.70361328125,24630162,916.8997380433807,916.8997380433807,,,,0,1
2021-06-03,1013.6663337942509,989.3834173739285,995.4879150390625,23974257,934.270866834857,934.270866834857,,,,0,1
2021-06-04,998.5513960528057,984.0447090722379,986.8604736328125,14468646,934.270866834857,934.270866834857,,,,0,1
2021-06-07,1010.0621431461759,984.3826062228887,1003.4845581054688,16336573,934.270866834857,934.270866834857,,,,0,1
2021-06-08,1003.3719484121085,990.3069271027853,997.7179565429688,9674735,934.270866834857,934.270866834857,,,,0,1
2021-06-09,1000.6011753573374,972.1960241160975,979.8773803710938,11409161,934.270866834857,934.270866834857,,,,0,1
2021-06-10,1004.6559280685797,981.0262193172377,983.4815673828125,14155653,934.270866834857,934.270866834857,,,,0,1
2021-06-11,1010.7781440273797,989.0472692866479,1004.0410766601562,13762778,934.270866834857,934.270866834857,,,,0,1
2021-06-14,1024.5016199542654,995.8296193272754,1018.4451293945312,20332436,940.6244415989532,940.6244415989532,,,,0,1
2021-06-15,1032.0551118975761,1016.3581098932502,1020.7587280273438,15174215,956.7063575834906,956.7063575834906,,,,0,1
2021-06-16,1019.4204508802959,1000.7292223565621,1003.3378295898438,10797349,956.7063575834906,956.7063575834906,,,,0,1
2021-06-17,1013.9537276761512,988.9564707531698,1005.1751708984375,15745975,956.7063575834906,956.7063575834906,,,,0,1
2021-06-18,1013.953773368346,990.9753254700224,1009.7119140625,29369026,956.7063575834906,956.7063575834906,,,,0,1
2021-06-21,1019.6245232991661,998.1433094112156,1014.9744262695312,12186448,956.7063575834906,956.7063575834906,,,,0,1
2021-06-22,1025.7492249971006,1006.853757379159,1009.7572631835938,12871913,956.7063575834906,956.7063575834906,,,,0,1
2021-06-23,1021.030981306138,998.8465094808122,1000.50244140625,16653951,956.7063575834906,956.7063575834906,,,,0,1
2021-06-24,1004.698879042228,970.8550841334938,976.9796142578125,91461975,956.7063575834906,956.7063575834906,,,,0,1
2021-06-25,976.9796224182647,944.1338623667268,954.72705078125,55355022,1028.7712807333291,,1028.7712807333291,,954.72705078125,-1,0
2021-06-28,964.7305234927777,944.0885235543591,946.3568725585938,20277042,1025.725013915131,,1025.725013915131,,,0,0
2021-06-29,956.7912335690398,945.4948491356582,947.1734008789062,27144063,1019.0561374628736,,1019.0561374628736,,,0,0
2021-06-30,962.9838695537093,948.6478990827868,957.5398559570312,19762858,1019.0561374628736,,1019.0561374628736,,,0,0
2021-07-01,963.21072377466,950.4399057748238,951.7782592773438,12534407,1019.0561374628736,,1019.0561374628736,,,0,0
2021-07-02,967.6339805464956,949.5098093183542,965.8873291015625,14086620,1019.0561374628736,,1019.0561374628736,,,0,0
2021-07-05,977.0022754674951,966.9988244559547,975.4824829101562,11702287,1019.0561374628736,,1019.0561374628736,,,0,0
2021-07-06,974.8927365774766,961.8724396617129,963.9592895507812,10070124,1019.0561374628736,,1019.0561374628736,,,0,0
2021-07-07,965.2975786835108,951.8008849761212,957.267578125,10454892,1015.2149555861325,,1015.2149555861325,,,0,0
2021-07-08,960.3979803919067,944.0884998610212,949.35107421875,11185460,1008.205574595175,,1008.205574595175,,,0,0
2021-07-09,948.9427717297938,937.3288083744748,939.6425170898438,9037675,997.2894393448559,,997.2894393448559,,,0,0
2021-07-12,953.388734416812,941.1396143601347,945.494873046875,8585292,997.2894393448559,,997.2894393448559,,,0,0
2021-07-13,954.0919361255064,947.286829390816,952.5721435546875,6717133,997.2894393448559,,997.2894393448559,,,0,0
2021-07-14,955.8158867062579,944.2019230046582,946.3568725585938,8532544,997.2894393448559,,997.2894393448559,,,0,0
2021-07-15,950.4398394725823,942.9542763359186,944.700927734375,9448356,993.360127019004,,993.360127019004,,,0,0
2021-07-16,959.3998750281919,947.0827151757364,958.333740234375,8828185,993.360127019004,,993.360127019004,,,0,0
2021-07-19,963.5962968549504,949.1922874573655,952.2318725585938,8354449,993.360127019004,,993.360127019004,,,0,0
2021-07-20,956.3376153549366,945.449528462814,949.8954467773438,6741464,993.360127019004,,993.360127019004,,,0,0
2021-07-22,963.5509350099074,951.8689322952517,962.0991821289062,7972397,993.360127019004,,993.360127019004,,,0,0
2021-07-23,968.3371643618092,953.63819655048,955.2941284179688,9937030,993.360127019004,,993.360127019004,,,0,0
2021-07-26,962.23527150141,939.5971422763969,942.2057495117188,12389668,993.360127019004,,993.360127019004,,,0,0
2021-07-27,945.3133243495199,926.3952979206958,932.29296875,10824523,983.413460394849,,983.413460394849,,,0,0
2021-07-28,933.6540608550562,914.7132933450994,924.2857666015625,12897848,972.5849312025581,,972.5849312025581,,,0,0
2021-07-29,941.0942373412257,927.0304264227229,931.4990844726562,13765738,972.5849312025581,,972.5849312025581,,,0,0
2021-07-30,938.1680816401469,921.4503032246806,923.3557739257812,11350608,972.5849312025581,,972.5849312025581,,,0,0
2021-08-02,943.3625432509498,926.0096692783603,940.2322387695312,10925104,972.5849312025581,,972.5849312025581,,,0,0
2021-08-03,948.6251896390423,936.466848985459,947.1507568359375,11817299,972.5849312025581,,972.5849312025581,,,0,0
2021-08-04,959.0595819875218,946.8104622460302,954.4094848632812,13169800,972.5849312025581,,972.5849312025581,,,0,0
2021-08-05,977.5692726980762,954.6362464120662,968.2463989257812,21252078,972.5849312025581,,972.5849312025581,,,0,0
2021-08-06,974.0081136632134,943.0677631647501,947.7406005859375,16620987,972.5849312025581,,972.5849312025581,,,0,0
2021-08-09,948.0807685978259,937.5102006813356,942.341796875,7494143,972.5849312025581,,972.5849312025581,,,0,0
2021-08-10,958.605990331548,940.7993967015034,947.286865234375,11919198,972.5849312025581,,972.5849312025581,,,0,0
2021-08-11,961.7815956433682,945.1772772052553,960.5567016601562,9184963,972.5849312025581,,972.5849312025581,,,0,0
2021-08-12,964.5943656159884,954.9765330212721,957.4717407226562,8137612,972.5849312025581,,972.5849312025581,,,0,0
2021-08-13,975.3464245247395,956.7685951042566,973.4182739257812,12780901,916.6278350532928,916.6278350532928,,973.4182739257812,,1,1
2021-08-16,999.4363346676968,965.4790792946776,986.0530395507812,21935444,927.761828180647,927.761828180647,,,,0,1
2021-08-17,991.3609409902682,974.4163636997749,981.8565673828125,12658169,928.5438778107597,928.5438778107597,,,,0,1
2021-08-18,992.0867868661821,976.5712830783917,985.6673583984375,10075860,930.6931934535605,930.6931934535605,,,,0,1
2021-08-20,985.3724665032457,969.4940243909492,974.5978393554688,9426282,930.6931934535605,930.6931934535605,,,,0,1
2021-08-23,986.2798832012737,967.3617952099032,980.99462890625,9854395,930.6931934535605,930.6931934535605,,,,0,1
2021-08-24,994.4458812972464,977.9322229766804,990.680419921875,11864472,933.0521109435068,933.0521109435068,,,,0,1
2021-08-25,1007.1487433983157,989.0472514049749,999.2548217773438,13380559,944.8549166821373,944.8549166821373,,,,0,1
2021-08-26,1018.4450942748737,1000.3436028894303,1011.8895263671875,18589616,955.7578372469093,955.7578372469093,,,,0,1
2021-08-27,1017.4697241464396,1005.3566836223878,1010.5057983398438,10480636,959.3491825276334,959.3491825276334,,,,0,1
2021-08-30,1032.4861841012025,1014.7703115389766,1029.945556640625,14027062,970.302668651737,970.302668651737,,,,0,1
2021-08-31,1036.0702028117817,1017.2428936199213,1024.456298828125,26485463,973.0440282832054,973.0440282832054,,,,0,1
2021-09-01,1040.221221674899,1026.6564886798844,1028.5164794921875,11145486,980.4006762804116,980.4006762804116,,,,0,1
2021-09-02,1046.9809033407823,1023.0271017772,1040.9017333984375,9956770,980.4006762804116,980.4006762804116,,,,0,1
2021-09-03,1086.5410286165963,1044.5765145259068,1083.5921630859375,30664428,1003.3395262918735,1003.3395262918735,,,,0,1
2021-09-06,1125.1030173864278,1094.2533304585272,1100.42333984375,33641710,1041.7940815865456,1041.7940815865456,,,,0,1
2021-09-07,1115.1222237163845,1094.2533665761027,1107.364501953125,17349882,1041.7940815865456,1041.7940815865456,,,,0,1
2021-09-08,1113.3076523252155,1091.826317052513,1103.031982421875,14301651,1041.7940815865456,1041.7940815865456,,,,0,1
2021-09-09,1105.9807522685987,1096.1134412289016,1100.42333984375,8963249,1041.7940815865456,1041.7940815865456,,,,0,1
2021-09-13,1103.7806138745893,1074.3147555236976,1075.902587890625,16311160,1041.7940815865456,1041.7940815865456,,,,0,1
2021-09-14,1086.0871935526977,1073.3844172538463,1074.4959716796875,8908356,1041.7940815865456,1041.7940815865456,,,,0,1
2021-09-15,1086.8812026585956,1074.5187435943387,1078.9647216796875,9071075,1041.7940815865456,1041.7940815865456,,,,0,1
2021-09-16,1105.4817663484532,1073.8382807371916,1101.6029052734375,13448882,1041.7940815865456,1041.7940815865456,,,,0,1
2021-09-17,1114.146827622794,1077.7397284048964,1084.5220947265625,34882133,1041.7940815865456,1041.7940815865456,,,,0,1
2021-09-20,1097.1342426536823,1075.1993097627558,1086.2462158203125,11779819,1041.7940815865456,1041.7940815865456,,,,0,1
2021-09-21,1096.3404265918434,1081.5507374605916,1090.9417724609375,9915736,1041.7940815865456,1041.7940815865456,,,,0,1
2021-09-22,1107.8635792244916,1088.01555490761,1102.646484375,10995912,1041.7940815865456,1041.7940815865456,,,,0,1
2021-09-23,1132.8155068026304,1109.4515000983076,1129.594482421875,15748397,1053.5579761818703,1053.5579761818703,,,,0,1
2021-09-24,1136.6490331074629,1121.4737863622195,1126.3280029296875,15192163,1063.4904085601395,1063.4904085601395,,,,0,1
2021-09-27,1147.7412647470014,1122.9708650713717,1145.2686767578125,15373834,1068.990500293377,1068.990500293377,,,,0,1
2021-09-28,1163.619541502326,1139.9832596918595,1155.9752197265625,18035258,1085.0228104525931,1085.0228104525931,,,,0,1
2021-09-29,1165.9333024709279,1143.2724947616352,1146.8111572265625,9719875,1087.7148691096565,1087.7148691096565,,,,0,1
2021-09-30,1149.8735945049486,1134.3353491709797,1142.90966796875,13590654,1087.7148691096565,1087.7148691096565,,,,0,1
2021-10-01,1152.2325912423662,1131.908170176169,1144.928466796875,8958928,1087.7148691096565,1087.7148691096565,,,,0,1
2021-10-04,1168.1337454178386,1150.9849884297844,1159.650146484375,10918552,1094.435341230295,1094.435341230295,,,,0,1
2021-10-05,1184.9875989374764,1155.6577025208885,1183.71728515625,13533634,1103.1199283487344,1103.1199283487344,,,,0,1
2021-10-06,1188.594159299532,1157.3590327875975,1161.32861328125,10258881,1103.364541194448,1103.364541194448,,,,0,1
2021-10-07,1178.976437967215,1164.8899472902972,1167.022216796875,6336665,1103.836463306114,1103.836463306114,,,,0,1
2021-10-08,1217.8334470113828,1171.1506721385595,1211.86767578125,15772493,1118.7283337686126,1118.7283337686126,,,,0,1
2021-10-11,1233.9839288917756,1200.1174555122802,1203.42919921875,14768666,1138.9382669109305,1138.9382669109305,,,,0,1
2021-10-12,1217.198131942534,1198.2573057451664,1210.30224609375,6682011,1138.9382669109305,1138.9382669109305,,,,0,1
2021-10-13,1233.7571320581694,1210.9828040683,1222.6195068359375,9959762,1146.7213849900397,1146.7213849900397,,,,0,1
2021-10-14,1232.8270805498746,1219.1034686705054,1225.0919189453125,8623469,1153.4510322129122,1153.4510322129122,,,,0,1
2021-10-18,1245.3257176374088,1207.8071808837203,1228.3585205078125,13594479,1153.4510322129122,1153.4510322129122,,,,0,1
2021-10-19,1248.2065824187812,1228.5399978612625,1239.3599853515625,8833409,1163.7289398474563,1163.7289398474563,,,,0,1
2021-10-20,1244.3049035767867,1221.054298987064,1225.0919189453125,12710570,1163.7289398474563,1163.7289398474563,,,,0,1
2021-10-21,1237.613471427314,1180.9953426466402,1189.751220703125,20831669,1163.7289398474563,1163.7289398474563,,,,0,1
2021-10-22,1208.986674515174,1184.760594855089,1191.9739990234375,11027475,1163.7289398474563,1163.7289398474563,,,,0,1
2021-10-25,1215.8372151225146,1165.9334174870412,1180.360107421875,17198417,1163.7289398474563,1163.7289398474563,,,,0,1
2021-10-26,1210.8014550540618,1180.9725995406943,1207.2401123046875,9750178,1163.7289398474563,1163.7289398474563,,,,0,1
2021-10-27,1214.385327698063,1188.5940958126694,1191.9739990234375,9896298,1163.7289398474563,1163.7289398474563,,,,0,1
2021-10-28,1196.760401970351,1175.23382482269,1178.908447265625,9886181,1163.7289398474563,1163.7289398474563,,,,0,1
2021-10-29,1177.7968978256529,1134.9477467303434,1150.6220703125,14233025,1245.9402537690103,,1245.9402537690103,,1150.6220703125,-1,0
2021-11-01,1159.5821174901623,1131.499853169352,1151.3253173828125,15481114,1234.6251769545347,,1234.6251769545347,,,0,0
2021-11-02,1155.9526006940841,1132.0214790980788,1134.539306640625,10569130,1231.4993381720626,,1231.4993381720626,,,0,0
2021-11-03,1143.249927928461,1116.4833379175552,1126.736328125,11989430,1216.723246813238,,1216.723246813238,,,0,0
2021-11-04,1136.3995318524167,1129.639844616734,1133.65478515625,1705656,1214.6156655149887,,1214.6156655149887,,,0,0
2021-11-08,1143.2497944322138,1114.3962979253604,1135.06103515625,20337183,1210.8703427537591,,1210.8703427537591,,,0,0
2021-11-09,1147.2875021698235,1128.3014351373665,1144.0211181640625,15682497,1210.8703427537591,,1210.8703427537591,,,0,0
2021-11-10,1160.4893170734067,1135.832318668832,1156.8145751953125,10253470,1210.8703427537591,,1210.8703427537591,,,0,0
2021-11-11,1166.1601588364083,1150.304396624531,1158.9241943359375,10722478,1210.8703427537591,,1210.8703427537591,,,0,0
2021-11-12,1178.976393225558,1160.0355671568177,1176.4130859375,8712341,1210.8703427537591,,1210.8703427537591,,,0,0
2021-11-15,1180.541631811862,1165.9333831885285,1169.4720458984375,4803269,1210.8703427537591,,1210.8703427537591,,,0,0
2021-11-16,1168.2017551511665,1131.9081717675208,1142.2972412109375,11337581,1210.8703427537591,,1210.8703427537591,,,0,0
2021-11-17,1133.7001231943314,1116.483326974616,1117.8443603515625,10202029,1201.001751990935,,1201.001751990935,,,0,0
2021-11-18,1129.186162262313,1111.5156473568954,1122.0634765625,8505625,1194.1792515169557,,1194.1792515169557,,,0,0
2021-11-22,1111.03921800598,1066.5794381759242,1072.36376953125,24124307,1171.058017384883,,1171.058017384883,,,0,0
2021-11-23,1089.376375461549,1047.5252653954208,1082.3897705078125,25326999,1154.6362952591844,,1154.6362952591844,,,0,0
2021-11-24,1093.3006546282434,1063.199644000854,1066.760986328125,16820296,1154.6362952591844,,1154.6362952591844,,,0,0
2021-11-25,1135.0839297720584,1069.369724148032,1130.9781494140625,42401936,1154.6362952591844,,1154.6362952591844,,,0,0
2021-11-26,1124.0141691386661,1089.4898596344303,1094.525634765625,15763138,1154.6362952591844,,1154.6362952591844,,,0,0
2021-11-29,1134.1765093320766,1088.401052550287,1107.63671875,24325354,1154.6362952591844,,1154.6362952591844,,,0,0
2021-11-30,1123.2429580382332,1083.750912184625,1091.2591552734375,32172299,1154.6362952591844,,1154.6362952591844,,,0,0
2021-12-01,1122.3809866094518,1100.1964559802211,1119.205322265625,10104610,1154.6362952591844,,1154.6362952591844,,,0,0
2021-12-02,1132.4524866074714,1116.755483028993,1126.39599609375,12720411,1154.6362952591844,,1154.6362952591844,,,0,0
2021-12-03,1133.496048452149,1088.8094641606947,1092.55224609375,19222481,1154.6362952591844,,1154.6362952591844,,,0,0
2021-12-06,1100.1511015892145,1069.3695731929035,1071.842041015625,10332254,1154.6362952591844,,1154.6362952591844,,,0,0
2021-12-07,1090.6240686293797,1070.6626454760303,1080.5753173828125,11235122,1154.6362952591844,,1154.6362952591844,,,0,0
2021-12-08,1103.2360010868276,1091.6674585387602,1097.020751953125,8744178,1154.6362952591844,,1154.6362952591844,,,0,0
2021-12-09,1122.789266429196,1100.1511371927822,1114.4190673828125,13213547,1154.6362952591844,,1154.6362952591844,,,0,0
2021-12-10,1118.751689200716,1102.57828771188,1115.5533447265625,8364414,1154.6362952591844,,1154.6362952591844,,,0,0
2021-12-13,1122.4264361172723,1090.6240703619908,1093.1873779296875,12901733,1154.6362952591844,,1154.6362952591844,,,0,0
2021-12-14,1091.5313768113433,1076.7416902927491,1079.803955078125,12991523,1154.6362952591844,,1154.6362952591844,,,0,0
2021-12-15,1091.0778134098014,1071.161629544447,1076.651123046875,9366969,1154.6362952591844,,1154.6362952591844,,,0,0
2021-12-16,1095.8411872877034,1074.5867722700993,1090.57861328125,9761279,1154.6362952591844,,1154.6362952591844,,,0,0
2021-12-17,1092.438785310481,1052.5157002662684,1061.7933349609375,21049821,1154.6362952591844,,1154.6362952591844,,,0,0
2021-12-20,1051.5403382041497,1019.4431351522567,1033.166748046875,14325846,1124.4218953143697,,1124.4218953143697,,,0,0
2021-12-21,1064.3111859376477,1039.9037845922462,1048.546142578125,12836561,1124.4218953143697,,1124.4218953143697,,,0,0
2021-12-22,1076.061278824112,1053.4231490877391,1073.429931640625,17658543,1124.4218953143697,,1124.4218953143697,,,0,0
2021-12-23,1079.7360813753537,1069.7780493204689,1073.04443359375,9072401,1124.4218953143697,,1124.4218953143697,,,0,0
2021-12-24,1085.1801248627735,1060.4777631216284,1076.4697265625,7886494,1124.4218953143697,,1124.4218953143697,,,0,0
2021-12-27,1078.8286046167207,1065.2638719530355,1075.3126220703125,4017223,1124.4218953143697,,1124.4218953143697,,,0,0
2021-12-28,1091.0096817223698,1076.5829925761916,1088.08349609375,6374613,1124.4218953143697,,1124.4218953143697,,,0,0
2021-12-29,1097.4291667281232,1080.6886489987298,1089.943603515625,15425312,1124.4218953143697,,1124.4218953143697,,,0,0
2021-12-30,1091.0550912503381,1064.1297422610803,1070.2542724609375,29333171,1124.4218953143697,,1124.4218953143697,,,0,0
2021-12-31,1081.5052301384499,1070.6625635731536,1074.3599853515625,9477290,1124.4218953143697,,1124.4218953143697,,,0,0
2022-01-03,1092.4160189724735,1072.2730389304081,1090.555908203125,5421611,1124.4218953143697,,1124.4218953143697,,,0,0
2022-01-04,1116.48327607676,1090.6240030918896,1115.1676025390625,10847728,1124.4218953143697,,1124.4218953143697,,,0,0
2022-01-05,1123.742111417458,1103.7578883130784,1120.3848876953125,11643813,1124.4218953143697,,1124.4218953143697,,,0,0
2022-01-06,1113.3075981050663,1092.892338629223,1096.294921875,14447422,1124.4218953143697,,1124.4218953143697,,,0,0
2022-01-07,1115.1448698843678,1094.049214499846,1105.1414794921875,13112115,1124.4218953143697,,1124.4218953143697,,,0,0
2022-01-10,1114.6686256367686,1096.0907972095779,1106.048828125,9246731,1124.4218953143697,,1124.4218953143697,,,0,0
2022-01-11,1122.8118584366368,1104.6877485326463,1114.0107421875,16205164,1124.4218953143697,,1124.4218953143697,,,0,0
2022-01-12,1145.495612908693,1118.2979846138917,1143.7489013671875,14800442,1062.0994829601461,1062.0994829601461,,1143.7489013671875,,1,1
2022-01-13,1152.7770274486074,1137.9873394554934,1150.1910400390625,11856712,1077.8965269074317,1077.8965269074317,,,,0,1
2022-01-14,1164.7083633793425,1145.903736322012,1151.8695068359375,19930176,1088.8269183399339,1088.8269183399339,,,,0,1
2022-01-17,1163.6650692158396,1150.9622909008212,1157.8807373046875,8036453,1093.4137118717406,1093.4137118717406,,,,0,1
2022-01-18,1162.4627990508513,1141.3217816394283,1144.0665283203125,6215029,1093.4137118717406,1093.4137118717406,,,,0,1
2022-01-19,1153.230542282846,1138.2594162500525,1143.9757080078125,9755485,1093.4137118717406,1093.4137118717406,,,,0,1
2022-01-20,1138.69049467058,1113.7612169498375,1123.9461669921875,16494486,1093.4137118717406,1093.4137118717406,,,,0,1
2022-01-21,1135.1972720323593,1112.4003822410398,1124.127685546875,13338594,1093.4137118717406,1093.4137118717406,,,,0,1
2022-01-24,1136.3314438087923,1068.4396157717774,1078.7833251953125,21868937,1180.0463521243626,,1180.0463521243626,,1078.7833251953125,-1,0
2022-01-25,1083.6601917025223,1045.7106182984846,1076.6737060546875,24510205,1145.6360362325845,,1145.6360362325845,,,0,0
2022-01-27,1068.8931302158107,1048.4553117417745,1060.72705078125,20020431,1139.9616296387517,,1139.9616296387517,,,0,0
2022-01-28,1077.8758920988087,1056.326637416448,1059.7064208984375,14667727,1139.9616296387517,,1139.9616296387517,,,0,0
2022-01-31,1091.7127775940749,1068.9384515458542,1082.7301025390625,12143683,1139.9616296387517,,1139.9616296387517,,,0,0
2022-02-01,1098.1549879379104,1064.8102698422947,1079.146240234375,13200509,1139.9616296387517,,1139.9616296387517,,,0,0
2022-02-02,1091.9849827700905,1077.5129345644957,1081.346435546875,10017691,1139.9616296387517,,1139.9616296387517,,,0,0
2022-02-03,1089.4672248928214,1064.8555854157078,1067.3734130859375,9572839,1139.9616296387517,,1139.9616296387517,,,0,0
2022-02-04,1065.4227340422794,1053.0147944380717,1057.6422119140625,11061241,1134.827046638882,,1134.827046638882,,,0,0
2022-02-07,1069.2107840323297,1045.710580432501,1051.2000732421875,10714467,1132.6046308493746,,1132.6046308493746,,,0,0
2022-02-08,1070.662554551673,1047.978946531902,1068.8704833984375,12060849,1132.6046308493746,,1132.6046308493746,,,0,0
2022-02-09,1083.0024043623205,1069.7553088929953,1081.3238525390625,11486225,1132.6046308493746,,1132.6046308493746,,,0,0
2022-02-10,1086.8585698721847,1072.9763176975075,1080.21240234375,12464491,1132.6046308493746,,1132.6046308493746,,,0,0
2022-02-11,1081.7775251488524,1063.44917519736,1078.102783203125,15943370,1132.6046308493746,,1132.6046308493746,,,0,0
2022-02-14,1068.371600273166,1049.3400528990346,1060.931396484375,10719633,1128.1529974496627,,1128.1529974496627,,,0,0
2022-02-15,1099.6521454977362,1059.638342518974,1096.9527587890625,11212671,1128.1529974496627,,1128.1529974496627,,,0,0
2022-02-16,1103.7805237727578,1086.9720859468387,1094.6844482421875,10392840,1128.1529974496627,,1128.1529974496627,,,0,0
2022-02-17,1113.71579967732,1093.3460206436107,1108.5439453125,12853252,1128.1529974496627,,1128.1529974496627,,,0,0
2022-02-18,1114.3963142654266,1097.9507558107348,1099.87890625,6775458,1128.1529974496627,,1128.1529974496627,,,0,0
2022-02-21,1105.8220747056992,1081.8229120143876,1088.7640380859375,11107193,1128.1529974496627,,1128.1529974496627,,,0,0
2022-02-22,1086.9492719658595,1064.8327828186757,1083.81884765625,13494914,1128.1529974496627,,1128.1529974496627,,,0,0
2022-02-23,1091.780825359384,1074.2918727358508,1077.0364990234375,7310110,1128.1529974496627,,1128.1529974496627,,,0,0
2022-02-24,1061.543801165148,1017.7645372206073,1023.3673095703125,24846650,1117.4950108323308,,1117.4950108323308,,,0,0
2022-02-25,1047.0489145414842,1032.6675860390121,1036.160888671875,14570089,1117.0812713182524,,1117.0812713182524,,,0,0
2022-02-28,1073.9969142738441,1017.5830361195531,1070.458251953125,21297446,1117.0812713182524,,1117.0812713182524,,,0,0
2022-03-02,1089.263043751131,1056.6894451219273,1088.1514892578125,21471786,1117.0812713182524,,1117.0812713182524,,,0,0
2022-03-03,1095.5463599472066,1075.2219401282157,1078.9647216796875,10186748,1117.0812713182524,,1117.0812713182524,,,0,0
2022-03-04,1072.6133662834545,1052.6746228291297,1055.03369140625,10805667,1117.0812713182524,,1117.0812713182524,,,0,0
2022-03-07,1048.9318048663965,1008.0560441977314,1016.0180053710938,17983310,1117.0812713182524,,1117.0812713182524,,,0,0
2022-03-08,1018.9441586104327,989.0018455794013,1014.1805419921875,21289374,1093.0879596033121,,1093.0879596033121,,,0,0
2022-03-09,1073.8382109094396,1013.5680288871529,1067.98583984375,20414228,1093.0879596033121,,1093.0879596033121,,,0,0
2022-03-10,1091.077788980995,1070.6626479811762,1085.29345703125,17980493,1093.0879596033121,,1093.0879596033121,,,0,0
2022-03-11,1093.7997997085236,1077.9439174120948,1088.4237060546875,12257423,1093.0879596033121,,1093.0879596033121,,,0,0
2022-03-14,1099.8789094361127,1077.0138627462204,1097.3609619140625,8340678,1001.0308544582803,1001.0308544582803,,1097.3609619140625,,1,1
2022-03-15,1101.4893954319332,1061.9746721847935,1072.2276611328125,15925769,1001.0308544582803,1001.0308544582803,,,,0,1
2022-03-16,1092.3933313042212,1078.4202407440976,1090.3291015625,11149828,1001.0308544582803,1001.0308544582803,,,,0,1
2022-03-17,1132.996832325578,1095.6597371224527,1125.874267578125,21422098,1022.2278171841511,1022.2278171841511,,,,0,1
2022-03-21,1126.9176413354564,1106.5025027603594,1119.38671875,11999466,1027.4146092184596,1027.4146092184596,,,,0,1
2022-03-22,1150.0321389331373,1113.126083171583,1148.3082275390625,22557065,1040.336129636074,1040.336129636074,,,,0,1
2022-03-23,1163.5970306513918,1144.6109628301383,1151.9603271484375,15462187,1065.9778133201632,1065.9778133201632,,,,0,1
2022-03-24,1172.3528116251778,1138.7131377177052,1169.8575439453125,13168266,1066.2438059506746,1066.2438059506746,,,,0,1
2022-03-25,1186.8022016310779,1169.1090086711827,1177.6607666015625,14222488,1091.9582173250074,1091.9582173250074,,,,0,1
2022-03-28,1193.040129502237,1173.4189060508322,1189.5015869140625,9891424,1099.6988315387666,1099.6988315387666,,,,0,1
2022-03-29,1196.7828467745333,1182.9005958298094,1189.773681640625,8684065,1110.1186653738212,1110.1186653738212,,,,0,1
2022-03-30,1219.4665203536201,1187.3012786032098,1212.6387939453125,15811550,1122.1360554298033,1122.1360554298033,,,,0,1
2022-03-31,1211.1643535705518,1192.5184854236984,1195.3084716796875,13223718,1122.492386219765,1122.492386219765,,,,0,1
2022-04-01,1209.1001607901105,1189.5242966247258,1204.8809814453125,7922880,1122.492386219765,1122.492386219765,,,,0,1
2022-04-04,1213.5687553767777,1198.4388702380159,1208.4422607421875,7929162,1131.4462470034573,1131.4462470034573,,,,0,1
2022-04-05,1211.2550742854748,1188.9344642196997,1191.361572265625,13149870,1131.4462470034573,1131.4462470034573,,,,0,1
2022-04-06,1195.195201385123,1173.6913049938537,1188.18603515625,12257215,1131.4462470034573,1131.4462470034573,,,,0,1
2022-04-07,1182.2654841233275,1164.5722914601326,1167.226318359375,15496499,1131.4462470034573,1131.4462470034573,,,,0,1
2022-04-08,1190.8854142213952,1161.3967564981385,1186.6435546875,15152495,1131.4462470034573,1131.4462470034573,,,,0,1
2022-04-11,1197.0325577354995,1171.83112073421,1184.1710205078125,9254209,1131.4462470034573,1131.4462470034573,,,,0,1
2022-04-12,1180.7230341864451,1159.3097394792132,1161.873046875,13217742,1131.4462470034573,1131.4462470034573,,,,0,1
2022-04-13,1176.1863493607348,1154.8184141967122,1157.6085205078125,10354235,1131.4462470034573,1131.4462470034573,,,,0,1
2022-04-18,1161.3059085058735,1144.0664335893546,1154.06982421875,9974224,1131.4462470034573,1131.4462470034573,,,,0,1
2022-04-19,1210.393245241482,1157.3364610042474,1198.0533447265625,26141820,1131.4462470034573,1131.4462470034573,,,,0,1
2022-04-20,1240.3354071784127,1201.8187157604639,1233.28076171875,25072240,1136.511049345133,1136.511049345133,,,,0,1
2022-04-21,1265.2871648268633,1239.4278930755422,1262.1568603515625,21708633,1166.7503170814396,1166.7503170814396,,,,0,1
2022-04-22,1271.1849697257533,1244.9628182445756,1251.58642578125,15054154,1173.0976600632403,1173.0976600632403,,,,0,1
2022-04-25,1251.4048710443353,1208.4196415713773,1222.6422119140625,17063215,1173.0976600632403,1173.0976600632403,,,,0,1
2022-04-26,1268.00939253991,1228.4039439271405,1259.2308349609375,12227666,1173.0976600632403,1173.0976600632403,,,,0,1
2022-04-27,1282.980542083888,1249.8851814474597,1260.455810546875,19338945,1173.0976600632403,1173.0976600632403,,,,0,1
2022-04-28,1293.414932576822,1263.9716352484422,1279.2830810546875,25614076,1184.388501364311,1184.388501364311,,,,0,1
2022-04-29,1295.7512639248027,1259.979318845515,1265.8543701171875,18214862,1184.388501364311,1184.388501364311,,,,0,1
2022-05-02,1272.7727490239986,1251.2460554246998,1261.4083251953125,9467006,1184.388501364311,1184.388501364311,,,,0,1
2022-05-04,1265.741012870666,1214.1586633827142,1222.02978515625,19247660,1184.388501364311,1184.388501364311,,,,0,1
2022-05-05,1238.5206755372035,1194.0610125176581,1198.0986328125,17210669,1184.388501364311,1184.388501364311,,,,0,1
2022-05-06,1206.3101007279156,1176.6173249512394,1188.911865234375,19649948,1184.388501364311,1184.388501364311,,,,0,1
2022-05-09,1178.227902393765,1137.352142833801,1142.4786376953125,18083752,1263.1042080858617,,1263.1042080858617,,1142.4786376953125,-1,0
2022-05-10,1146.2441487686722,1115.122300034019,1122.6759033203125,19511677,1234.9111699399589,,1234.9111699399589,,,0,0
2022-05-11,1127.3488166597763,1098.7674751702268,1111.1754150390625,16643899,1215.605734992709,,1215.605734992709,,,0,0
2022-05-12,1104.6197927187382,1075.1992967365238,1088.5372314453125,20490321,1192.9462943353299,,1192.9462943353299,,,0,0
2022-05-13,1124.195722405933,1095.7732598818286,1100.8770751953125,19308778,1192.9462943353299,,1192.9462943353299,,,0,0
2022-05-16,1125.5566925649073,1096.3629954119033,1101.1492919921875,13437911,1192.9462943353299,,1192.9462943353299,,,0,0
2022-05-17,1152.2778949288372,1103.3267755926352,1147.40087890625,16551828,1192.9462943353299,,1192.9462943353299,,,0,0
2022-05-18,1165.9333565460295,1137.9192540645465,1151.57470703125,17276788,1192.9462943353299,,1192.9462943353299,,,0,0
2022-05-19,1139.8471556508855,1118.7741814800404,1125.0347900390625,14699118,1192.9462943353299,,1192.9462943353299,,,0,0
2022-05-20,1199.6864579629187,1135.0838136313118,1190.6357421875,21793091,1192.9462943353299,,1192.9462943353299,,,0,0
2022-05-23,1203.8376476616827,1176.3678607469797,1182.6739501953125,15252755,1192.9462943353299,,1192.9462943353299,,,0,0
2022-05-24,1196.782881162036,1178.5000115822318,1186.734130859375,13527818,1192.9462943353299,,1192.9462943353299,,,0,0
2022-05-25,1205.266608695204,1180.2239323496708,1184.987548828125,12714544,1192.9462943353299,,1192.9462943353299,,,0,0
2022-05-26,1195.3767393116116,1155.9527299610575,1173.6912841796875,17882023,1192.9462943353299,,1192.9462943353299,,,0,0
2022-05-27,1181.8797199555308,1152.3685077774162,1168.2469482421875,16521973,1192.9462943353299,,1192.9462943353299,,,0,0
2022-05-30,1213.1151058336127,1176.9122429262984,1208.94140625,13853398,1088.8493243173186,1088.8493243173186,,1208.94140625,,1,1
2022-05-31,1215.2928567083757,1186.666273877733,1194.35595703125,70620653,1096.3558478154055,1096.3558478154055,,,,0,1
2022-06-01,1204.5860864217577,1186.8928938690622,1194.741455078125,9776989,1096.3558478154055,1096.3558478154055,,,,0,1
2022-06-02,1239.632113991604,1194.9682161526516,1235.9346923828125,22126569,1114.2046339275778,1114.2046339275778,,,,0,1
2022-06-03,1278.148730151494,1243.964618908508,1260.977294921875,23939791,1155.8205450071334,1155.8205450071334,,,,0,1
2022-06-06,1276.6290073934508,1248.4106651576906,1255.5560302734375,11093152,1159.1547160995744,1159.1547160995744,,,,0,1
2022-06-07,1266.2400009030762,1248.524246514349,1257.9151611328125,12358255,1159.1547160995744,1159.1547160995744,,,,0,1
2022-06-08,1261.657885091405,1232.3054282852856,1235.8214111328125,12479250,1159.1547160995744,1159.1547160995744,,,,0,1
2022-06-09,1271.6387241473,1229.4474057361879,1269.710693359375,17278305,1159.1547160995744,1159.1547160995744,,,,0,1
2022-06-10,1265.6956823983453,1225.5911562391861,1231.37548828125,18093057,1159.1547160995744,1159.1547160995744,,,,0,1
2022-06-13,1212.5706837895975,1186.9383288515069,1208.079345703125,17620803,1159.1547160995744,1159.1547160995744,,,,0,1
2022-06-14,1212.1397691901998,1185.6453383861433,1192.2916259765625,14714312,1159.1547160995744,1159.1547160995744,,,,0,1
2022-06-15,1196.4653763851964,1172.466214802167,1177.8648681640625,11195535,1159.1547160995744,1159.1547160995744,,,,0,1
2022-06-16,1206.3327906256263,1158.674661714626,1161.396728515625,17111475,1159.1547160995744,1159.1547160995744,,,,0,1
2022-06-17,1190.817239455118,1159.6274703347483,1175.0068359375,24457187,1159.1547160995744,1159.1547160995744,,,,0,1
2022-06-20,1187.301222306307,1143.748758644912,1153.7069091796875,12066797,1271.587846246944,,1271.587846246944,,1153.7069091796875,-1,0
2022-06-21,1176.5492596105014,1147.0153637065216,1172.3302001953125,11720049,1266.2577885153555,,1266.2577885153555,,,0,0
2022-06-22,1160.6253602976326,1134.6300093017796,1136.7169189453125,10617206,1252.8872612768914,,1252.8872612768914,,,0,0
2022-06-23,1145.518255748697,1109.2245526757408,1118.2752685546875,19446323,1232.960210938648,,1232.960210938648,,,0,0
2022-06-24,1139.166834655382,1119.6590092749361,1134.19921875,14240234,1231.100446107557,,1231.100446107557,,,0,0
2022-06-27,1154.5689222648457,1125.8061437093586,1130.8419189453125,15474529,1231.100446107557,,1231.100446107557,,,0,0
2022-06-28,1149.5785080515059,1126.055743702113,1146.7430419921875,13572847,1231.100446107557,,1231.100446107557,,,0,0
2022-06-29,1178.182528359398,1134.6300624520568,1170.5380859375,19205146,1231.100446107557,,1231.100446107557,,,0,0
2022-06-30,1186.7567403093663,1164.1186136126782,1177.5699462890625,23112959,1231.100446107557,,1231.100446107557,,,0,0
2022-07-01,1175.914013553788,1072.9308838170039,1092.7562255859375,81997149,1231.100446107557,,1231.100446107557,,,0,0
2022-07-04,1107.863515572053,1073.429923547498,1095.024658203125,41857728,1206.660296148862,,1206.660296148862,,,0,0
2022-07-05,1118.2526943289631,1096.5672379936505,1103.89404296875,17647327,1206.660296148862,,1206.660296148862,,,0,0
2022-07-06,1107.840755126802,1083.3653163036747,1094.185302734375,23943726,1203.9161615321555,,1203.9161615321555,,,0,0
2022-07-07,1103.8938225234403,1077.4675541282995,1083.41064453125,23301033,1196.354330449015,,1196.354330449015,,,0,0
2022-07-08,1096.9755811325629,1080.8928982324537,1084.907958984375,19010108,1189.3873733126695,,1189.3873733126695,,,0,0
2022-07-11,1101.8750908886504,1075.1993403875028,1099.6522216796875,13847467,1187.133450893082,,1187.133450893082,,,0,0
2022-07-12,1106.8201113866512,1090.6240305308033,1098.0869140625,10778989,1187.133450893082,,1187.133450893082,,,0,0
2022-07-13,1104.2341830898285,1076.560279848866,1078.6243896484375,14224132,1183.4447088092459,,1183.4447088092459,,,0,0
2022-07-14,1104.2116390418075,1078.352363652089,1087.5164794921875,16970315,1182.9231467622337,,1182.9231467622337,,,0,0
2022-07-15,1095.6144271956234,1081.1423781653791,1089.6259765625,9603210,1175.6354573390092,,1175.6354573390092,,,0,0
2022-07-18,1100.1510782825017,1085.3160316616352,1098.903564453125,15160908,1175.6354573390092,,1175.6354573390092,,,0,0
2022-07-19,1110.1319630031642,1088.9454667664256,1105.640625,16439888,1175.6354573390092,,1175.6354573390092,,,0,0
2022-07-20,1153.457345039317,1127.9383910339543,1135.537353515625,23924246,1175.6354573390092,,1175.6354573390092,,,0,0
2022-07-21,1134.1764288206418,1119.3413822149614,1127.9610595703125,16523230,1175.6354573390092,,1175.6354573390092,,,0,0
2022-07-22,1141.5714591660776,1131.9082653910389,1135.5830078125,10969995,1175.6354573390092,,1175.6354573390092,,,0,0
2022-07-25,1119.4094641884956,1090.170407739491,1098.064208984375,23110452,1175.6354573390092,,1175.6354573390092,,,0,0
2022-07-26,1108.7255020290017,1093.958495255941,1098.563232421875,11303288,1175.6354573390092,,1175.6354573390092,,,0,0
2022-07-27,1101.058562570835,1089.7168169323932,1097.52001953125,8655086,1172.3248869474012,,1172.3248869474012,,,0,0
2022-07-28,1119.6362450122772,1098.3364699284932,1114.7139892578125,12496073,1172.3248869474012,,1172.3248869474012,,,0,0
2022-07-29,1141.9343686098375,1117.8444831887225,1138.4637451171875,15130683,1172.3248869474012,,1172.3248869474012,,,0,0
2022-08-01,1173.9861609515995,1137.6244156092305,1168.1337890625,15700044,1172.3248869474012,,1172.3248869474012,,,0,0
2022-08-02,1183.082180967465,1162.0999227506416,1172.5797119140625,13917913,1094.637142090922,1094.637142090922,,1172.5797119140625,,1,1
2022-08-03,1184.0803105761495,1164.776722676448,1182.4244384765625,14250977,1098.2967110462607,1098.2967110462607,,,,0,1
2022-08-04,1187.5961055448015,1150.054890610549,1166.7952880859375,14467127,1098.2967110462607,1098.2967110462607,,,,0,1
2022-08-05,1169.9256165108497,1146.4028519906212,1149.6011962890625,13942438,1098.2967110462607,1098.2967110462607,,,,0,1
2022-08-08,1172.0805844509116,1148.2401811133711,1164.640380859375,10165178,1098.2967110462607,1098.2967110462607,,,,0,1
2022-08-10,1174.9613514506689,1160.0582651256982,1171.604248046875,10724688,1098.2967110462607,1098.2967110462607,,,,0,1
2022-08-11,1184.0346947675248,1170.560681967564,1175.5057373046875,8198226,1105.4696700533434,1105.4696700533434,,,,0,1
2022-08-12,1198.302667613396,1171.4681604618615,1194.5145263671875,12650587,1112.2687136197549,1112.2687136197549,,,,0,1
2022-08-16,1205.538716835679,1191.9286246092138,1202.816650390625,6607378,1129.0066451898886,1129.0066451898886,,,,0,1
2022-08-17,1214.430833890113,1204.7449608356546,1209.1002197265625,6595965,1143.0321877425163,1143.0321877425163,,,,0,1
2022-08-18,1214.7974269162394,1201.6891410785204,1211.2928466796875,7410035,1144.163106386759,1144.163106386759,,,,0,1
2022-08-19,1211.4748846358534,1185.64500851055,1189.6959228515625,9460724,1144.163106386759,1144.163106386759,,,,0,1
2022-08-22,1197.6382223342157,1177.0199497930307,1186.39599609375,9471680,1144.163106386759,1144.163106386759,,,,0,1
2022-08-23,1207.606094346594,1179.4549611514672,1204.693115234375,9678484,1144.163106386759,1144.163106386759,,,,0,1
2022-08-24,1215.2526424838104,1199.4816700203517,1201.4842529296875,10369622,1144.163106386759,1144.163106386759,,,,0,1
2022-08-25,1212.0210528914947,1193.6785289573616,1197.979736328125,7871946,1144.163106386759,1144.163106386759,,,,0,1
2022-08-26,1206.1496124504686,1186.5781392580227,1191.584716796875,10742038,1144.163106386759,1144.163106386759,,,,0,1
2022-08-29,1208.425433655249,1173.4015407491174,1182.322509765625,19838975,1144.163106386759,1144.163106386759,,,,0,1
2022-08-30,1203.987586358269,1172.7414439399422,1200.6649169921875,23139054,1144.163106386759,1144.163106386759,,,,0,1
2022-09-01,1185.6451305698213,1160.9531870651451,1165.3681640625,19909939,1144.163106386759,1144.163106386759,,,,0,1
2022-09-02,1172.1725206109036,1149.5742988554666,1151.759033203125,12999345,1144.163106386759,1144.163106386759,,,,0,1
2022-09-05,1174.9717367544802,1151.9865783988917,1169.646484375,11327815,1144.163106386759,1144.163106386759,,,,0,1
2022-09-06,1186.1229356447934,1170.6477641820481,1181.958251953125,10899618,1144.163106386759,1144.163106386759,,,,0,1
2022-09-07,1181.0706844325052,1169.7374432111983,1175.08544921875,7488501,1144.163106386759,1144.163106386759,,,,0,1
2022-09-08,1182.4817691361882,1170.1927432308805,1176.746826171875,7057077,1144.163106386759,1144.163106386759,,,,0,1
2022-09-09,1187.9436230094116,1167.0066735071657,1169.4190673828125,8314850,1144.163106386759,1144.163106386759,,,,0,1
2022-09-12,1188.8538121790773,1169.9877107126747,1182.50439453125,7435419,1144.163106386759,1144.163106386759,,,,0,1
2022-09-13,1196.9099715016143,1183.8471935531156,1192.3812255859375,8888657,1144.163106386759,1144.163106386759,,,,0,1
2022-09-14,1187.9435987454494,1170.9893026387183,1178.089599609375,8678219,1144.163106386759,1144.163106386759,,,,0,1
2022-09-15,1185.007731811181,1163.706722910761,1166.4149169921875,10365600,1144.163106386759,1144.163106386759,,,,0,1
2022-09-16,1161.9999730598468,1133.7805779046307,1137.5128173828125,20217708,1213.7950429244736,,1213.7950429244736,,1137.5128173828125,-1,0
2022-09-19,1148.2088345301072,1129.3883598520188,1138.9920654296875,7580254,1203.844878868937,,1203.844878868937,,,0,0
2022-09-20,1155.0361800671456,1135.4645867388483,1139.174072265625,8411448,1203.844878868937,,1203.844878868937,,,0,0
2022-09-21,1152.8970632457829,1135.6013385296872,1142.3148193359375,9207309,1203.844878868937,,1203.844878868937,,,0,0
2022-09-22,1139.2424334076443,1125.1783630104471,1131.5504150390625,10308170,1194.4537359091416,,1194.4537359091416,,,0,0
2022-09-23,1136.033563901481,1108.7928269240178,1110.34033203125,9528051,1186.4273397703266,,1186.4273397703266,,,0,0
2022-09-26,1100.4635156978118,1081.0513209381402,1082.0526123046875,12479523,1156.9400071229852,,1156.9400071229852,,,0,0
2022-09-27,1104.1957584332783,1074.2013212038828,1090.655029296875,16154822,1156.9400071229852,,1156.9400071229852,,,0,0
2022-09-28,1082.3487420675199,1059.1815497241553,1061.6165771484375,16997059,1141.4818138568503,,1141.4818138568503,,,0,0
2022-09-29,1077.5694737841568,1052.7637630645559,1058.3621826171875,14671827,1136.219692221532,,1136.219692221532,,,0,0
2022-09-30,1093.2721843866263,1051.853486904235,1082.23486328125,18613024,1136.219692221532,,1136.219692221532,,,0,0
2022-10-03,1100.0766687344842,1075.5213714388244,1078.4798583984375,11852723,1136.219692221532,,1136.219692221532,,,0,0
2022-10-04,1100.5546074085776,1087.878645489602,1098.369873046875,8948850,1136.219692221532,,1136.219692221532,,,0,0
2022-10-06,1115.1193699574158,1100.6228564322873,1102.420654296875,13352162,1136.219692221532,,1136.219692221532,,,0,0
2022-10-07,1112.3431729566782,1099.0299802964134,1107.086181640625,7714340,1136.219692221532,,1136.219692221532,,,0,0
2022-10-10,1100.3725912870407,1086.9001227352999,1095.0018310546875,6329527,1136.219692221532,,1136.219692221532,,,0,0
2022-10-11,1098.7339054156832,1070.1049410078904,1073.199951171875,9215177,1136.219692221532,,1136.219692221532,,,0,0
2022-10-12,1084.0326569195638,1066.4637661465533,1081.096923828125,7417103,1136.219692221532,,1136.219692221532,,,0,0
2022-10-13,1089.6309182337689,1074.2013750143974,1084.5333251953125,7328492,1136.219692221532,,1136.219692221532,,,0,0
2022-10-14,1099.8035478847653,1078.2976341593078,1079.02587890625,9106089,1136.219692221532,,1136.219692221532,,,0,0
2022-10-17,1098.734001915029,1066.6914701142969,1096.344482421875,16729355,1136.219692221532,,1136.219692221532,,,0,0
2022-10-18,1121.0364834394181,1101.533269580207,1115.6884765625,12415820,1136.219692221532,,1136.219692221532,,,0,0
2022-10-19,1150.5528804866954,1111.3415546563717,1135.1004638671875,19247142,1136.219692221532,,1136.219692221532,,,0,0
2022-10-20,1146.5247790915082,1131.0497281845767,1138.1500244140625,8717053,1067.2878219798974,1067.2878219798974,,1138.1500244140625,,1,1
2022-10-21,1145.5235697667988,1122.8570850675608,1124.95068359375,8243452,1067.2878219798974,1067.2878219798974,,,,0,1
2022-10-24,1139.0147623697587,1117.5317227636308,1128.70556640625,3370033,1067.2878219798974,1067.2878219798974,,,,0,1
2022-10-25,1137.4218692852746,1109.6576706212813,1111.2734375,12233241,1067.2878219798974,1067.2878219798974,,,,0,1
2022-10-27,1123.5169914576363,1107.2908214472382,1115.642822265625,12513059,1067.2878219798974,1067.2878219798974,,,,0,1
2022-10-28,1153.8072146974055,1119.4205539777704,1149.7791748046875,17609592,1067.2878219798974,1067.2878219798974,,,,0,1
2022-10-31,1165.6184900187484,1152.532837235593,1160.4525146484375,12419943,1087.747579135838,1087.747579135838,,,,0,1
2022-11-01,1183.392017720316,1141.5182428220278,1151.4632568359375,13963166,1087.747579135838,1087.747579135838,,,,0,1
2022-11-02,1160.7255059207678,1144.70424114448,1158.654541015625,8981896,1087.747579135838,1087.747579135838,,,,0,1
2022-11-03,1164.9812188922326,1149.2785083513004,1162.978515625,6693449,1087.747579135838,1087.747579135838,,,,0,1
2022-11-04,1183.3920806141373,1161.1352859081987,1180.09228515625,12575815,1101.3911633585424,1101.3911633585424,,,,0,1
2022-11-07,1188.0801449342837,1171.5581740800783,1186.39599609375,11789748,1110.8836039081928,1110.8836039081928,,,,0,1
2022-11-09,1193.3826161752465,1178.8632285259216,1185.212646484375,11254205,1119.4944024471424,1119.4944024471424,,,,0,1
2022-11-10,1181.8216708618224,1166.5514055206702,1170.8753662109375,5966242,1119.4944024471424,1119.4944024471424,,,,0,1
2022-11-11,1199.7774119913317,1177.930189421083,1197.8658447265625,12310132,1121.2797781441552,1121.2797781441552,,,,0,1
2022-11-14,1202.5084645178167,1185.7360795691757,1192.062744140625,9043112,1128.1170556374557,1128.1170556374557,,,,0,1
2022-11-15,1195.4080313393474,1178.84055200153,1186.7147216796875,7086433,1128.1170556374557,1128.1170556374557,,,,0,1
2022-11-16,1190.651676405481,1174.903458364882,1179.91015625,9716161,1128.1170556374557,1128.1170556374557,,,,0,1
2022-11-17,1189.3090147201726,1174.28904071781,1182.959716796875,6661451,1128.1170556374557,1128.1170556374557,,,,0,1
2022-11-18,1187.4884852109467,1170.2382686720764,1182.322509765625,5303197,1128.1170556374557,1128.1170556374557,,,,0,1
2022-11-21,1177.9302224595897,1157.4939810734897,1161.044189453125,6390268,1128.1170556374557,1128.1170556374557,,,,0,1
2022-11-22,1169.054878305534,1154.490101527835,1167.484619140625,6611488,1128.1170556374557,1128.1170556374557,,,,0,1
2022-11-23,1173.3333207481153,1161.6586492345255,1163.8433837890625,6413408,1128.1170556374557,1128.1170556374557,,,,0,1
2022-11-24,1180.661259055786,1159.8153257431566,1173.8795166015625,9389439,1128.1170556374557,1128.1170556374557,,,,0,1
2022-11-25,1194.7252591296722,1175.2448010894898,1191.4027099609375,7349922,1128.1170556374557,1128.1170556374557,,,,0,1
2022-11-28,1238.4881409993336,1138.787342721133,1232.3436279296875,31527484,1128.1170556374557,1128.1170556374557,,,,0,1
2022-11-29,1243.3126681839062,1226.1762212899475,1234.4599609375,11058913,1156.8951583652447,1156.8951583652447,,,,0,1
2022-11-30,1249.593827498115,1228.0879116566466,1243.1761474609375,26164986,1162.2035412827236,1162.2035412827236,,,,0,1
2022-12-01,1253.9404601191488,1236.189657665654,1239.51220703125,9485801,1170.5536325008509,1170.5536325008509,,,,0,1
2022-12-02,1250.7543334096715,1229.1801569861013,1238.9886474609375,11589592,1170.5536325008509,1170.5536325008509,,,,0,1
2022-12-05,1236.5308845250265,1218.8938526789234,1220.919189453125,14828536,1170.5536325008509,1170.5536325008509,,,,0,1
2022-12-06,1227.5416655731144,1211.156217782286,1224.4466552734375,8594245,1170.5536325008509,1170.5536325008509,,,,0,1
2022-12-07,1226.6312841178265,1202.5765743110485,1206.3770751953125,8462111,1170.5536325008509,1170.5536325008509,,,,0,1
2022-12-08,1212.9769061899756,1201.6436640678662,1205.8082275390625,7757008,1170.5536325008509,1170.5536325008509,,,,0,1
2022-12-09,1210.701125124703,1184.234019906999,1187.533935546875,12655763,1170.5536325008509,1170.5536325008509,,,,0,1
2022-12-12,1193.86048427338,1176.564760723263,1189.3544921875,9479842,1170.5536325008509,1170.5536325008509,,,,0,1
2022-12-13,1198.4119775795978,1186.441506524545,1194.7708740234375,8333348,1170.5536325008509,1170.5536325008509,,,,0,1
2022-12-14,1201.1201579800806,1188.3986883939997,1190.4468994140625,7268947,1170.5536325008509,1170.5536325008509,,,,0,1
2022-12-15,1190.2193351814944,1170.1927826894766,1173.5380859375,8688551,1170.5536325008509,1170.5536325008509,,,,0,1
2022-12-16,1191.9489737176893,1164.344052306988,1167.73486328125,15837349,1241.6251902804609,,1241.6251902804609,,1167.73486328125,-1,0
2022-12-19,1185.2127129878588,1168.2355434298825,1183.073486328125,7729933,1239.1987029180568,,1239.1987029180568,,,0,0
2022-12-20,1195.2258982970527,1167.9169005020456,1193.3143310546875,7467588,1239.1987029180568,,1239.1987029180568,,,0,0
2022-12-21,1198.4120436567607,1172.5140250159143,1176.3372802734375,8527550,1239.1987029180568,,1239.1987029180568,,,0,0
2022-12-22,1185.5084836143742,1168.2582678338513,1173.2877197265625,7451122,1239.1987029180568,,1239.1987029180568,,,0,0
2022-12-23,1179.068288585261,1134.349671539507,1138.87841796875,10257115,1227.285847977053,,1227.285847977053,,,0,0
2022-12-26,1156.9933345322142,1134.417865404937,1148.8233642578125,5990242,1216.0233351075321,,1216.0233351075321,,,0,0
2022-12-27,1160.088227419186,1144.8179619589364,1158.22216796875,5763271,1216.0233351075321,,1216.0233351075321,,,0,0
2022-12-28,1160.5435477606864,1147.662800167874,1158.1085205078125,7459393,1216.0233351075321,,1216.0233351075321,,,0,0
2022-12-29,1160.1338797528426,1149.4833742100795,1157.5850830078125,6930648,1216.0233351075321,,1216.0233351075321,,,0,0
2022-12-30,1172.923592094592,1156.5837718336772,1159.360107421875,7289476,1216.0233351075321,,1216.0233351075321,,,0,0
2023-01-02,1173.8339554714264,1159.8152730282768,1172.4229736328125,5316175,1216.0233351075321,,1216.0233351075321,,,0,0
2023-01-03,1171.1030784147931,1159.6333122966857,1163.8433837890625,7658932,1216.0233351075321,,1216.0233351075321,,,0,0
2023-01-04,1165.6638795067024,1144.2489814952548,1146.3199462890625,9264891,1213.1783941651868,,1213.1783941651868,,,0,0
2023-01-05,1154.444524100663,1139.6975967048293,1144.2718505859375,13637099,1204.0220075690722,,1204.0220075690722,,,0,0
2023-01-06,1159.7014488199864,1146.2062268293769,1154.6719970703125,6349597,1204.0220075690722,,1204.0220075690722,,,0,0
2023-01-09,1184.3024327987246,1157.6077880110724,1181.935546875,10722753,1204.0220075690722,,1204.0220075690722,,,0,0
2023-01-10,1186.1229559339358,1158.8139568288339,1164.457763671875,8047142,1204.0220075690722,,1204.0220075690722,,,0,0
2023-01-11,1164.2756880320755,1147.4805506887315,1149.7791748046875,11509553,1204.0220075690722,,1204.0220075690722,,,0,0
2023-01-12,1152.66937428215,1121.9466887446717,1124.95068359375,17688773,1200.3590919941682,,1200.3590919941682,,,0,0
2023-01-13,1125.5422779668527,1108.1100323337862,1123.1300048828125,20618583,1178.899549850935,,1178.899549850935,,,0,0
2023-01-16,1128.6146244497372,1104.650928111512,1112.43408203125,13623855,1178.899549850935,,1178.899549850935,,,0,0
2023-01-17,1130.1393505155706,1115.39254413764,1128.227783203125,10751000,1178.899549850935,,1178.899549850935,,,0,0
2023-01-18,1133.8260509936374,1119.8302436718152,1126.361572265625,13448286,1178.899549850935,,1178.899549850935,,,0,0
2023-01-19,1129.2973269815554,1118.1461164478014,1125.155517578125,11940054,1178.899549850935,,1178.899549850935,,,0,0
2023-01-20,1126.498099994501,1109.3162669117735,1111.7740478515625,14930286,1175.146924386621,,1175.146924386621,,,0,0
2023-01-23,1122.4928945481186,1103.740680762082,1106.1529541015625,10954118,1170.2671558999136,,1170.2671558999136,,,0,0
2023-01-24,1112.2291619475404,1086.604191358528,1099.62158203125,16488755,1158.3601852180498,,1158.3601852180498,,,0,0
2023-01-25,1099.0525907434069,1083.2588649666125,1084.41943359375,12385018,1149.2032948408341,,1149.2032948408341,,,0,0
2023-01-27,1086.6041786241758,1052.1492554073047,1063.8466796875,25830975,1131.5440296983636,,1131.5440296983636,,,0,0
2023-01-30,1079.5721516253268,1047.301962524109,1074.0421142578125,21772103,1128.7537565410712,,1128.7537565410712,,,0,0
2023-01-31,1086.7408457471734,1065.507977187044,1071.356689453125,22691594,1128.7537565410712,,1128.7537565410712,,,0,0
2023-02-01,1083.2360764936634,1049.1224630102595,1065.00732421875,19347800,1128.7537565410712,,1128.7537565410712,,,0,0
2023-02-02,1068.6939904796102,1051.8534651796542,1059.1131591796875,13662663,1127.1836926439069,,1127.1836926439069,,,0,0
2023-02-03,1069.1491418437288,1043.6606957436647,1060.046142578125,24699575,1124.1835539248727,,1124.1835539248727,,,0,0
2023-02-06,1056.4049422906214,1049.4866771417962,1052.0582275390625,14837879,1117.4426049544586,,1117.4426049544586,,,0,0
2023-02-07,1059.317963418086,1043.6607603709601,1049.5322265625,15135435,1114.3929583966935,,1114.3929583966935,,,0,0
2023-02-08,1074.1104135326302,1050.0329473418535,1070.491943359375,21160332,1114.3929583966935,,1114.3929583966935,,,0,0
2023-02-09,1079.0941439891108,1062.3218812610176,1072.35791015625,13172763,1114.3929583966935,,1114.3929583966935,,,0,0
2023-02-10,1071.8346919435837,1056.541550480388,1063.5281982421875,10790445,1114.3929583966935,,1114.3929583966935,,,0,0
2023-02-13,1069.6044807674139,1053.014246771071,1057.4747314453125,10352493,1114.3929583966935,,1114.3929583966935,,,0,0
2023-02-14,1084.1237013406706,1057.6112076513964,1082.3941650390625,14321920,1114.3929583966935,,1114.3929583966935,,,0,0
2023-02-15,1109.2935704583153,1080.0728831359263,1106.9039306640625,33503591,1114.3929583966935,,1114.3929583966935,,,0,0
2023-02-16,1121.4005874250042,1103.7634345612037,1106.0391845703125,17264487,1114.3929583966935,,1114.3929583966935,,,0,0
2023-02-17,1113.9816051705284,1097.1864667289992,1110.658935546875,11809520,1114.3929583966935,,1114.3929583966935,,,0,0
2023-02-20,1115.0055411742242,1096.9588202637885,1098.916015625,8836937,1114.3929583966935,,1114.3929583966935,,,0,0
2023-02-21,1113.662898519213,1097.9829418267002,1107.882568359375,13311592,1114.3929583966935,,1114.3929583966935,,,0,0
2023-02-22,1106.0163837500274,1081.0058885994717,1082.7581787109375,11024335,1114.3929583966935,,1114.3929583966935,,,0,0
2023-02-23,1089.9723733814965,1074.7703686634186,1077.5694580078125,9851910,1114.3929583966935,,1114.3929583966935,,,0,0
2023-02-24,1090.6095519639118,1077.7970672090605,1084.94287109375,9434053,1114.3929583966935,,1114.3929583966935,,,0,0
2023-02-27,1087.6511404469259,1070.3781703934308,1077.728759765625,11199715,1114.3929583966935,,1114.3929583966935,,,0,0
2023-02-28,1077.341930453886,1053.0596796474115,1057.1104736328125,21994038,1114.3929583966935,,1114.3929583966935,,,0,0
2023-03-01,1067.556247767584,1057.4290817039348,1066.8280029296875,11551145,1114.3929583966935,,1114.3929583966935,,,0,0
2023-03-02,1070.3554080773672,1056.6780340138716,1058.7034912109375,9333535,1114.3929583966935,,1114.3929583966935,,,0,0
2023-03-03,1089.3806526612789,1065.7583852243542,1085.7166748046875,14643807,1114.3929583966935,,1114.3929583966935,,,0,0
2023-03-06,1103.5585953265452,1092.3618769382172,1096.3216552734375,10171916,1114.3929583966935,,1114.3929583966935,,,0,0
2023-03-08,1101.0099098785954,1085.5347367811812,1100.2589111328125,15782657,1114.3929583966935,,1114.3929583966935,,,0,0
2023-03-09,1100.0538988999717,1071.925639694687,1073.814453125,16235128,1114.3929583966935,,1114.3929583966935,,,0,0
2023-03-10,1066.873432004649,1053.6967642276502,1057.1787109375,13334091,1114.3929583966935,,1114.3929583966935,,,0,0
2023-03-13,1066.873452659023,1035.4680311733223,1039.7919921875,12771592,1114.0726386963493,,1114.0726386963493,,,0,0
2023-03-14,1049.0996910732963,1032.759872811723,1035.900390625,16027522,1102.5696385412812,,1102.5696385412812,,,0,0
2023-03-15,1046.0730981893198,1013.8029064238355,1018.1951293945312,21728555,1094.7751969687747,,1094.7751969687747,,,0,0
2023-03-16,1025.9098489328373,1002.3330887657725,1013.1201171875,18363159,1079.4943985877744,,1079.4943985877744,,,0,0
2023-03-17,1024.9768040332349,1007.1121729687228,1011.8457641601562,34014213,1079.4943985877744,,1079.4943985877744,,,0,0
2023-03-20,1010.4347882497465,992.228728371652,1001.9006958007812,19524589,1065.1383210115503,,1065.1383210115503,,,0,0
2023-03-21,1035.012981703826,1009.0693353007056,1033.0557861328125,21400360,1065.1383210115503,,1065.1383210115503,,,0,0
2023-03-22,1042.9552773219068,1033.1922942805415,1036.1962890625,10920094,1065.1383210115503,,1065.1383210115503,,,0,0
2023-03-23,1033.1468580122537,1020.9260930464279,1023.0880737304688,16249370,1065.1383210115503,,1065.1383210115503,,,0,0
2023-03-24,1024.0893029617876,1000.4214669115813,1002.833740234375,12375945,1065.1383210115503,,1065.1383210115503,,,0,0
2023-03-27,1025.90977896285,1001.4227445518454,1018.4225463867188,14054323,1065.1383210115503,,1065.1383210115503,,,0,0
2023-03-28,1027.0477790218977,1018.1723180245734,1023.1790161132812,12576424,1065.1383210115503,,1065.1383210115503,,,0,0
2023-03-29,1021.7224958577859,1006.3839078156758,1017.12548828125,18804065,1065.1383210115503,,1065.1383210115503,,,0,0
2023-03-31,1066.6231754133423,1026.2285229956078,1060.979248046875,28171201,1065.1383210115503,,1065.1383210115503,,,0,0
2023-04-03,1069.1491937096243,1053.674021972816,1061.1612548828125,10293043,1065.1383210115503,,1065.1383210115503,,,0,0
2023-04-05,1068.6939637197272,1050.7383779942936,1058.6124267578125,16262928,1065.1383210115503,,1065.1383210115503,,,0,0
2023-04-06,1071.4249575287643,1055.1077713504706,1065.7127685546875,18435046,1000.087198617909,1000.087198617909,,1065.7127685546875,,1,1
2023-04-10,1069.7865123929691,1056.6553511477282,1058.1573486328125,12961408,1002.2041006837298,1002.2041006837298,,,,0,1
2023-04-11,1065.5080744845645,1057.7933019408324,1063.3916015625,10542367,1004.0768128947543,1004.0768128947543,,,,0,1
2023-04-12,1077.7060516773786,1060.524216837008,1068.0797119140625,18179087,1012.0892926480523,1012.0892926480523,,,,0,1
2023-04-13,1076.795689130458,1065.9631533362506,1072.107666015625,12378208,1016.5834190993511,1016.5834190993511,,,,0,1
2023-04-17,1103.7179385078937,1069.1719976228505,1077.5467529296875,17929479,1027.2088004294483,1027.2088004294483,,,,0,1
2023-04-18,1081.8934061981072,1058.6807090282337,1065.212158203125,10405576,1027.2088004294483,1027.2088004294483,,,,0,1
2023-04-19,1073.1999682915887,1061.5026644429847,1070.5146484375,12273475,1027.2088004294483,1027.2088004294483,,,,0,1
2023-04-20,1073.700738803369,1061.4572205360348,1067.8065185546875,7007330,1027.2088004294483,1027.2088004294483,,,,0,1
2023-04-21,1074.6109455464884,1063.414227261922,1069.149169921875,7647317,1027.2088004294483,1027.2088004294483,,,,0,1
2023-04-24,1083.66857419955,1068.6941068206906,1073.2457275390625,12936186,1027.2088004294483,1027.2088004294483,,,,0,1
2023-04-25,1083.531902370724,1069.8318954861231,1081.4609375,9236126,1027.2088004294483,1027.2088004294483,,,,0,1
2023-04-26,1086.0353664118218,1071.4477164227017,1075.1116943359375,8617834,1027.4644001262866,1027.4644001262866,,,,0,1
2023-04-27,1085.0794095289546,1075.9764101042033,1081.9161376953125,9167125,1031.1938590448694,1031.1938590448694,,,,0,1
2023-04-28,1103.2401305139506,1084.055471844269,1101.6925048828125,15565210,1042.9830297088365,1042.9830297088365,,,,0,1
2023-05-02,1113.2078790353276,1105.1516781407502,1111.0458984375,12981805,1059.9803388461953,1059.9803388461953,,,,0,1
2023-05-03,1112.8437409289727,1098.301718050311,1101.510498046875,7061872,1059.9803388461953,1059.9803388461953,,,,0,1
2023-05-04,1116.416594693546,1099.0071018597473,1114.2091064453125,8635233,1059.9803388461953,1059.9803388461953,,,,0,1
2023-05-05,1120.2853483523877,1108.7473216831954,1111.3643798828125,8746585,1066.8112389084658,1066.8112389084658,,,,0,1
2023-05-08,1130.4352865898127,1112.4568260241117,1125.0872802734375,9153782,1072.8766307420296,1072.8766307420296,,,,0,1
2023-05-09,1131.869007406357,1121.1501206360317,1128.569091796875,6464721,1079.4322080248035,1079.4322080248035,,,,0,1
2023-05-10,1137.8088334262795,1129.3201880481902,1136.32958984375,10872255,1088.2469848415872,1088.2469848415872,,,,0,1
2023-05-11,1142.2008392982707,1127.2036197395719,1128.9105224609375,10557860,1089.4143279159603,1089.4143279159603,,,,0,1
2023-05-12,1132.1421342539572,1118.07794349424,1130.75390625,6955341,1089.4143279159603,1089.4143279159603,,,,0,1
2023-05-15,1139.9479042684682,1125.6561748428358,1132.984130859375,6833343,1089.4143279159603,1089.4143279159603,,,,0,1
2023-05-16,1137.694934018295,1115.1877260203244,1116.84912109375,8717229,1089.4143279159603,1089.4143279159603,,,,0,1
2023-05-17,1121.9466942720846,1105.5613662435237,1110.2493896484375,8798967,1089.4143279159603,1089.4143279159603,,,,0,1
2023-05-18,1118.30546035269,1104.7191029898704,1107.8597412109375,10525531,1089.4143279159603,1089.4143279159603,,,,0,1
2023-05-19,1113.2761165640286,1100.9414625185966,1111.4554443359375,8050447,1089.4143279159603,1089.4143279159603,,,,0,1
2023-05-22,1122.4018396026681,1107.0860654519322,1117.3951416015625,7434906,1089.4143279159603,1089.4143279159603,,,,0,1
2023-05-23,1123.312188970698,1115.7794477842358,1117.1904296875,6092034,1089.4143279159603,1089.4143279159603,,,,0,1
2023-05-24,1121.4915428822148,1107.5866304097367,1110.681640625,8112254,1089.4143279159603,1089.4143279159603,,,,0,1
2023-05-25,1114.6643421149051,1099.667122010757,1110.545166015625,11487863,1089.4143279159603,1089.4143279159603,,,,0,1
2023-05-26,1141.9732639390356,1115.4607723824483,1140.83544921875,12626260,1089.4143279159603,1089.4143279159603,,,,0,1
2023-05-29,1151.531504943609,1141.1540467943241,1147.2530517578125,10010304,1099.6418088618602,1099.6418088618602,,,,0,1
2023-05-30,1155.0362299051242,1144.4083583790168,1146.957275390625,11342504,1104.3683591739446,1104.3683591739446,,,,0,1
2023-05-31,1142.3602457612046,1120.1260859548067,1124.1768798828125,27107927,1104.3683591739446,1104.3683591739446,,,,0,1
2023-06-01,1131.0042653745227,1118.760627092655,1121.150146484375,14592692,1104.3683591739446,1104.3683591739446,,,,0,1
2023-06-02,1130.0710296303675,1115.5745167721084,1117.486083984375,15800644,1104.3683591739446,1104.3683591739446,,,,0,1
2023-06-05,1130.4808258980374,1118.9654322095535,1127.5223388671875,10908682,1104.3683591739446,1104.3683591739446,,,,0,1
2023-06-06,1132.278650789992,1120.5813461084572,1128.4781494140625,7493309,1104.3683591739446,1104.3683591739446,,,,0,1
2023-06-07,1137.8770484380098,1125.4058709994415,1137.0350341796875,10312545,1104.3683591739446,1104.3683591739446,,,,0,1
2023-06-08,1145.5461903387804,1133.7805050855106,1137.717529296875,12071109,1104.3683591739446,1104.3683591739446,,,,0,1
2023-06-09,1141.7686164711295,1127.8637026640356,1129.66162109375,5877018,1104.3683591739446,1104.3683591739446,,,,0,1
2023-06-12,1132.961345647828,1121.9466580390113,1130.662841796875,6391969,1104.3683591739446,1104.3683591739446,,,,0,1
2023-06-13,1148.5502642183164,1131.6186029642636,1147.3668212890625,11248016,1104.3683591739446,1104.3683591739446,,,,0,1
2023-06-14,1162.910298244975,1145.6145741430057,1161.4765625,13277380,1109.8776765800349,1109.8776765800349,,,,0,1
2023-06-15,1166.3466657425097,1154.0347662802658,1161.795166015625,11813494,1116.4831437817254,1116.4831437817254,,,,0,1
2023-06-16,1175.3814628689474,1165.277051099355,1173.105712890625,24171579,1126.8897467244612,1126.8897467244612,,,,0,1
2023-06-19,1176.1096463131153,1157.2891721000835,1161.4537353515625,6798554,1126.8897467244612,1126.8897467244612,,,,0,1
2023-06-20,1167.006484635752,1153.8071840798616,1163.865966796875,6921096,1126.8897467244612,1126.8897467244612,,,,0,1
2023-06-21,1169.6693534657645,1159.724338626484,1167.143310546875,6961603,1126.8897467244612,1126.8897467244612,,,,0,1
2023-06-22,1171.23949788599,1152.44177714095,1154.0347900390625,7619166,1126.8897467244612,1126.8897467244612,,,,0,1
2023-06-23,1153.0791011607469,1143.3388714814953,1144.590576171875,6628570,1126.8897467244612,1126.8897467244612,,,,0,1
2023-06-26,1144.8864236623613,1132.733920052133,1135.8516845703125,12641159,1126.8897467244612,1126.8897467244612,,,,0,1
2023-06-27,1142.2009604948269,1131.800867806594,1136.2613525390625,9689466,1126.8897467244612,1126.8897467244612,,,,0,1
2023-06-28,1155.1044562002996,1136.8983366424925,1151.303955078125,11354006,1126.8897467244612,1126.8897467244612,,,,0,1
2023-06-30,1163.6612702152565,1153.1017808120625,1160.748291015625,11151555,1126.8897467244612,1126.8897467244612,,,,0,1
2023-07-03,1193.4054353348765,1163.0695664338207,1190.5379638671875,12154387,1130.9243940571494,1130.9243940571494,,,,0,1
2023-07-04,1194.7709465205144,1171.2168190678697,1178.271728515625,8061643,1133.5581145551075,1133.5581145551075,,,,0,1
2023-07-05,1187.4884916041076,1172.3775016836717,1176.3372802734375,10248062,1133.5581145551075,1133.5581145551075,,,,0,1
2023-07-06,1203.623479187279,1172.4912246414767,1201.0291748046875,19117987,1134.964203802535,1134.964203802535,,,,0,1
2023-07-07,1212.954155953701,1196.1362636289784,1198.6851806640625,13375267,1151.6920136011038,1151.6920136011038,,,,0,1
2023-07-10,1254.3955512035543,1217.5283549278633,1244.860107421875,33240016,1172.7198554729055,1172.7198554729055,,,,0,1
2023-07-11,1260.7676199191653,1246.0208134423028,1258.3553466796875,20069348,1191.5629881880157,1191.5629881880157,,,,0,1
2023-07-12,1275.3325943992056,1256.9671963432334,1259.74365234375,18733835,1204.93094272621,1204.93094272621,,,,0,1
2023-07-13,1273.9670857818714,1245.8615793784056,1248.4786376953125,14682934,1204.93094272621,1204.93094272621,,,,0,1
2023-07-14,1256.6259006349142,1240.3314674712226,1247.431884765625,15124144,1204.93094272621,1204.93094272621,,,,0,1
2023-07-17,1281.2722893693374,1241.6513892285138,1272.9202880859375,22220040,1204.93094272621,1204.93094272621,,,,0,1
2023-07-18,1291.4675058363223,1271.2360500564907,1283.72998046875,25867313,1214.7657697816137,1214.7657697816137,,,,0,1
2023-07-19,1299.9107709888563,1273.0568480228928,1293.4703369140625,39122156,1218.6272776380729,1218.6272776380729,,,,0,1
2023-07-20,1297.3773824613913,1272.252877809199,1291.90380859375,38717624,1218.6272776380729,1218.6272776380729,,,,0,1
2023-07-21,1289.4628832861451,1244.4410033700972,1251.9117431640625,30249238,1218.6272776380729,1218.6272776380729,,,,0,1
2023-07-24,1240.175359314085,1217.66442067078,1226.58984375,23727866,1218.6272776380729,1218.6272776380729,,,,0,1
2023-07-25,1235.3675310299896,1222.9408976003053,1225.801025390625,12026020,1218.6272776380729,1218.6272776380729,,,,0,1
2023-07-26,1255.979969731278,1225.4064486777488,1245.7230224609375,12911012,1218.6272776380729,1218.6272776380729,,,,0,1
2023-07-27,1251.369208773566,1228.0446677829927,1234.1346435546875,17226898,1218.6272776380729,1218.6272776380729,,,,0,1
2023-07-28,1253.933562763768,1233.07450741441,1246.5367431640625,20827852,1218.6272776380729,1218.6272776380729,,,,0,1
2023-07-31,1259.3824434340952,1241.6547567277278,1257.0894775390625,8551174,1218.6272776380729,1218.6272776380729,,,,0,1
2023-08-01,1261.8974809470349,1235.4168896571687,1239.3125,9536632,1218.6272776380729,1218.6272776380729,,,,0,1
2023-08-02,1238.7207795689158,1214.8537553800984,1226.072265625,12748214,1218.6272776380729,1218.6272776380729,,,,0,1
2023-08-03,1233.246977477257,1212.116802581427,1220.9189453125,10168350,1218.6272776380729,1218.6272776380729,,,,0,1
2023-08-04,1240.6931815252224,1218.7986441252715,1237.5125732421875,22885610,1218.6272776380729,1218.6272776380729,,,,0,1
2023-08-07,1246.807814528615,1235.2688245633212,1244.564208984375,5982870,1218.6272776380729,1218.6272776380729,,,,0,1
2023-08-08,1249.791279456067,1232.5813939016416,1237.0687255859375,9844072,1218.6272776380729,1218.6272776380729,,,,0,1
2023-08-09,1247.103743380083,1223.4832817270853,1245.2298583984375,11486586,1218.6272776380729,1218.6272776380729,,,,0,1
2023-08-10,1257.459283345296,1236.9700697678936,1250.7774658203125,15470598,1218.6272776380729,1218.6272776380729,,,,0,1
2023-08-11,1261.8235709864505,1238.8934290040763,1256.053955078125,22179330,1218.6272776380729,1218.6272776380729,,,,0,1
2023-08-14,1273.3872594997576,1245.13138265866,1270.89697265625,9575812,1218.6272776380729,1218.6272776380729,,,,0,1
2023-08-16,1273.633656051599,1257.9523753926644,1269.8612060546875,10203112,1218.6272776380729,1218.6272776380729,,,,0,1
2023-08-17,1271.3159585738858,1249.0022217342007,1251.541748046875,13673744,1218.6272776380729,1218.6272776380729,,,,0,1
2023-08-18,1271.0694465982021,1237.0193984812158,1260.8125,18639978,1218.6272776380729,1218.6272776380729,,,,0,1
2023-08-21,1269.0811399821723,1249.3157396404515,1251.47607421875,9221746,1218.6272776380729,1218.6272776380729,,,,0,1
2023-08-22,1260.3903796040318,1241.0471519251682,1251.1781005859375,7713044,1218.6272776380729,1218.6272776380729,,,,0,1
2023-08-23,1262.8238273856869,1249.9613617046014,1252.568603515625,9517952,1218.6272776380729,1218.6272776380729,,,,0,1
2023-08-24,1261.3587235815999,1227.1418267680626,1231.5120849609375,14140020,1218.6272776380729,1218.6272776380729,,,,0,1
2023-08-25,1244.0267878143236,1213.0379055498036,1225.8258056640625,22222400,1218.6272776380729,1218.6272776380729,,,,0,1
2023-08-28,1233.5978630514705,1207.326845947251,1213.6090087890625,12580826,1291.9417662264555,,1291.9417662264555,,1213.6090087890625,-1,0
2023-08-29,1218.426124924763,1195.9293289635527,1201.9881591796875,16876644,1278.2945001400285,,1278.2945001400285,,,0,0
2023-08-30,1213.236529405867,1199.3312396705562,1200.845947265625,12168946,1274.7278482804516,,1274.7278482804516,,,0,0
2023-08-31,1204.2973910221976,1191.832243755466,1195.3582763671875,21638600,1263.6861882272494,,1263.6861882272494,,,0,0
2023-09-01,1204.6202121872007,1192.701391971407,1198.1641845703125,18112842,1261.5671810821727,,1261.5671810821727,,,0,0
2023-09-04,1203.6269732528613,1194.5141147392258,1197.19580078125,9347626,1258.7434863205522,,1258.7434863205522,,,0,0
2023-09-05,1208.7420910221174,1198.0648152036629,1203.6021728515625,8675876,1258.7434863205522,,1258.7434863205522,,,0,0
2023-09-06,1209.8346637897985,1200.4486416178,1206.1348876953125,8200370,1258.7434863205522,,1258.7434863205522,,,0,0
2023-09-07,1210.8776631982703,1197.3448358334992,1207.7738037109375,13652572,1257.5647679583644,,1257.5647679583644,,,0,0
2023-09-08,1219.6926105725597,1203.2793775372477,1215.8189697265625,23109288,1257.5647679583644,,1257.5647679583644,,,0,0
2023-09-11,1230.0470768509072,1217.7060837441973,1228.9296875,13271074,1257.5647679583644,,1257.5647679583644,,,0,0
2023-09-12,1233.1012736835467,1209.735395658241,1211.1756591796875,16255666,1257.5647679583644,,1257.5647679583644,,,0,0
2023-09-13,1222.9950653828562,1204.9182364741037,1217.234375,12803338,1257.5647679583644,,1257.5647679583644,,,0,0
2023-09-14,1224.5594030531795,1214.2297352487885,1218.3516845703125,9209636,1257.5647679583644,,1257.5647679583644,,,0,0
2023-09-15,1225.6519470756666,1216.4645236474253,1220.611328125,25468592,1257.5647679583644,,1257.5647679583644,,,0,0
2023-09-18,1217.2094512068952,1207.798574150055,1209.983642578125,7516300,1257.5647679583644,,1257.5647679583644,,,0,0
2023-09-20,1205.5886964476529,1169.5342173018194,1183.017333984375,57081884,1242.7052439808183,,1242.7052439808183,,,0,0
2023-09-21,1186.965570418066,1172.017334727341,1174.401123046875,12226182,1233.6989596757035,,1233.6989596757035,,,0,0
2023-09-22,1183.166381154962,1167.0511669496027,1169.5093994140625,19176786,1228.7833843837439,,1228.7833843837439,,,0,0
2023-09-25,1172.3648535170125,1159.6515188545518,1162.308349609375,14254884,1218.2705595768728,,1218.2705595768728,,,0,0
2023-09-26,1167.1504687327713,1159.8999257031473,1163.3265380859375,10087782,1213.0138665815757,,1213.0138665815757,,,0,0
2023-09-27,1177.8773972692843,1161.3400104596365,1176.4371337890625,11722778,1213.0138665815757,,1213.0138665815757,,,0,0
2023-09-28,1183.4394534727044,1154.635639665983,1159.1549072265625,14518346,1213.0138665815757,,1213.0138665815757,,,0,0
2023-09-29,1176.5365229562149,1159.1549111179452,1164.5679931640625,12342014,1213.0138665815757,,1213.0138665815757,,,0,0
2023-10-03,1159.899836684223,1150.1660855624907,1151.2337646484375,8859056,1206.9524694751772,,1206.9524694751772,,,0,0
2023-10-04,1151.6559577742148,1139.7868482768445,1149.247314453125,10286386,1196.157985935558,,1196.157985935558,,,0,0
2023-10-05,1156.8208073415985,1146.6898583897923,1149.22265625,10953682,1196.157985935558,,1196.157985935558,,,0,0
2023-10-06,1154.5363248211877,1148.204452044047,1151.1593017578125,5431026,1196.157985935558,,1196.157985935558,,,0,0
2023-10-09,1148.1548319505969,1139.7371893760028,1141.3511962890625,7576878,1188.8082288500946,,1188.8082288500946,,,0,0
2023-10-10,1151.1095896158488,1144.0825008862844,1146.3917236328125,10236032,1188.8082288500946,,1188.8082288500946,,,0,0
2023-10-11,1166.9021183907282,1148.6762803444965,1164.5928955078125,9814118,1188.8082288500946,,1188.8082288500946,,,0,0
2023-10-12,1171.6944926486817,1161.1661051425594,1166.7530517578125,12554450,1188.8082288500946,,1188.8082288500946,,,0,0
2023-10-13,1170.7757303720264,1156.696576060419,1166.7034912109375,10150316,1188.8082288500946,,1188.8082288500946,,,0,0
2023-10-16,1169.3107973983604,1160.0985182209486,1164.0963134765625,5929036,1188.8082288500946,,1188.8082288500946,,,0,0
2023-10-17,1171.8682487426624,1162.7305355660792,1169.6583251953125,7928180,1188.8082288500946,,1188.8082288500946,,,0,0
2023-10-18,1175.4935899954448,1152.6491856271346,1154.1390380859375,8918320,1188.8082288500946,,1188.8082288500946,,,0,0
2023-10-19,1153.046550785559,1142.7168824019504,1145.2744140625,12032556,1188.8082288500946,,1188.8082288500946,,,0,0
2023-10-20,1149.5204754976244,1140.3827622140566,1141.7733154296875,8913312,1186.1560495104882,,1186.1560495104882,,,0,0
2023-10-23,1145.3241097798968,1119.996617270943,1123.9447021484375,7853962,1177.0264348048145,,1177.0264348048145,,,0,0
2023-10-25,1132.8837586263421,1113.9129953485747,1121.33740234375,11620688,1168.9050135899356,,1168.9050135899356,,,0,0
2023-10-26,1121.3623234380264,1102.639867796045,1105.7188720703125,15222534,1158.4768895216462,,1158.4768895216462,,,0,0
2023-10-27,1129.0598924361125,1110.4118809600386,1125.2359619140625,11771084,1158.4768895216462,,1158.4768895216462,,,0,0
2023-10-30,1154.6356973184122,1127.2968794620358,1148.427978515625,16813304,1158.4768895216462,,1158.4768895216462,,,0,0
2023-10-31,1156.125592797878,1133.7280940272274,1136.211181640625,12808438,1158.4768895216462,,1158.4768895216462,,,0,0
2023-11-01,1150.9110149678804,1129.904071222479,1140.928955078125,10309190,1158.4768895216462,,1158.4768895216462,,,0,0
2023-11-02,1154.2880111819782,1146.1682670397454,1152.2518310546875,10562104,1158.4768895216462,,1158.4768895216462,,,0,0
2023-11-03,1159.5769565823186,1150.0419252488898,1152.0035400390625,8850156,1158.4768895216462,,1158.4768895216462,,,0,0
2023-11-06,1162.0849964260901,1154.9337526381958,1161.58837890625,10647304,1109.486902731108,1109.486902731108,,1161.58837890625,,1,1
2023-11-07,1161.6380670799329,1151.929170502665,1154.039794921875,6960204,1109.5698544511035,1109.5698544511035,,,,0,1
2023-11-08,1162.581503663416,1153.021617313343,1160.0487060546875,7884494,1112.272714810909,1112.272714810909,,,,0,1
2023-11-09,1160.04877566907,1144.306025087675,1147.4595947265625,14513610,1112.272714810909,1112.272714810909,,,,0,1
2023-11-10,1150.3399433150457,1141.2518192214952,1149.6197509765625,7734954,1112.272714810909,1112.272714810909,,,,0,1
2023-11-13,1154.4371224093552,1148.030683727237,1149.470947265625,3854810,1112.272714810909,1112.272714810909,,,,0,1
2023-11-15,1172.9856686848777,1155.6289114743765,1170.2542724609375,12220648,1119.93483102145,1119.93483102145,,,,0,1
2023-11-16,1179.044349063192,1165.5363777710952,1172.3648681640625,13134910,1128.2677721027744,1128.2677721027744,,,,0,1
2023-11-17,1178.597478522974,1168.0692118018185,1169.807373046875,7758634,1130.4414621344727,1130.4414621344727,,,,0,1
2023-11-20,1171.2226850166387,1160.2970998159442,1166.7283935546875,4490186,1130.4414621344727,1130.4414621344727,,,,0,1
2023-11-21,1185.9225880528827,1172.1165973266488,1181.4033203125,8214450,1135.6281523818848,1135.6281523818848,,,,0,1
2023-11-22,1189.1257098597493,1178.0759708449789,1186.0218505859375,8534814,1141.140511250262,1141.140511250262,,,,0,1
2023-11-23,1191.8819955385097,1186.0218848115442,1189.647216796875,8531542,1148.7534196405963,1148.7534196405963,,,,0,1
2023-11-24,1193.1732081420546,1187.437251988596,1188.8525390625,6749486,1152.1967688103541,1152.1967688103541,,,,0,1
2023-11-28,1191.732926936636,1179.5906539581802,1189.100830078125,13792174,1152.1967688103541,1152.1967688103541,,,,0,1
2023-11-29,1197.8165611621323,1190.9136263737091,1192.2296142578125,12531306,1157.4829992173172,1157.4829992173172,,,,0,1
2023-11-30,1192.2295841833957,1176.9337412400662,1180.6832275390625,28439984,1157.4829992173172,1157.4829992173172,,,,0,1
2023-12-01,1190.0940935038786,1180.7577817740466,1189.05126953125,14342842,1157.4829992173172,1157.4829992173172,,,,0,1
2023-12-04,1216.7129226171448,1191.186830615961,1201.9136962890625,15590990,1162.9148485966457,1162.9148485966457,,,,0,1
2023-12-05,1212.1688351602068,1202.633682465189,1210.6292724609375,12693624,1167.299831829743,1167.299831829743,,,,0,1
2023-12-06,1228.1101862520723,1209.2635769303338,1222.225341796875,16422442,1177.0910545189515,1177.0910545189515,,,,0,1
2023-12-07,1222.1507489094333,1212.7398720220444,1220.2139892578125,8142096,1177.0910545189515,1177.0910545189515,,,,0,1
2023-12-08,1229.9724711859212,1214.229721540008,1219.568359375,10204894,1181.0791332325084,1181.0791332325084,,,,0,1
2023-12-11,1225.453417704806,1217.904734547768,1221.3563232421875,7066138,1182.3276506012255,1182.3276506012255,,,,0,1
2023-12-12,1224.1372909888553,1201.8888025834185,1203.82568359375,9197124,1182.3276506012255,1182.3276506012255,,,,0,1
2023-12-13,1210.9273773327996,1195.0107615817908,1208.7421875,10031182,1182.3276506012255,1182.3276506012255,,,,0,1
2023-12-14,1229.1034835977007,1213.0627137565868,1223.739990234375,16972354,1182.3276506012255,1182.3276506012255,,,,0,1
2023-12-15,1241.5437110117043,1226.6700416026847,1239.358642578125,15932152,1189.1791859620141,1189.1791859620141,,,,0,1
2023-12-18,1258.8755906644863,1237.049276856192,1251.97265625,14165188,1201.1664478624587,1201.1664478624587,,,,0,1
2023-12-19,1278.2436759402542,1254.058429051918,1270.397216796875,16820604,1216.444423582489,1216.444423582489,,,,0,1
2023-12-20,1290.6344268977684,1251.4760888731225,1255.02685546875,17736722,1216.444423582489,1216.444423582489,,,,0,1
2023-12-21,1278.045115020143,1250.606998600923,1272.607177734375,13765454,1216.444423582489,1216.444423582489,,,,0,1
2023-12-22,1281.7200695868582,1265.2075375529496,1273.8487548828125,16541784,1216.444423582489,1216.444423582489,,,,0,1
2023-12-26,1287.2077445351904,1272.6816822126398,1280.3048095703125,7465664,1223.7306470170836,1223.7306470170836,,,,0,1
2023-12-27,1291.1558103107097,1277.8465580943978,1284.675048828125,9204156,1229.7676914555311,1229.7676914555311,,,,0,1
2023-12-28,1297.1649507188354,1284.6750686995726,1293.9617919921875,12302636,1237.7559521508078,1237.7559521508078,,,,0,1
2023-12-29,1298.1580852015331,1280.9254829942388,1283.7313232421875,10864584,1237.7559521508078,1237.7559521508078,,,,0,1
2024-01-01,1294.6074246833273,1277.8713173390402,1286.363525390625,4030540,1237.7559521508078,1237.7559521508078,,,,0,1
2024-01-02,1298.6547310999006,1277.7967966042233,1297.015869140625,7448800,1237.7559521508078,1237.7559521508078,,,,0,1
2024-01-03,1308.0904698211366,1279.8825721151966,1282.9119873046875,9037536,1237.7559521508078,1237.7559521508078,,,,0,1
2024-01-04,1296.0971958654188,1280.8262081528858,1289.541748046875,9612778,1237.7559521508078,1237.7559521508078,,,,0,1
2024-01-05,1301.0633942631744,1290.2122534871983,1295.0294189453125,8086406,1242.032110446503,1242.032110446503,,,,0,1
2024-01-08,1307.0724076439487,1275.7855050776957,1284.92333984375,7734652,1242.032110446503,1242.032110446503,,,,0,1
2024-01-09,1294.5825491350672,1279.8826223433282,1281.521484375,5403074,1242.032110446503,1242.032110446503,,,,0,1
2024-01-10,1320.5059067362763,1278.81489267359,1316.0860595703125,11102740,1242.032110446503,1242.032110446503,,,,0,1
2024-01-11,1353.2827041657133,1319.512713749835,1350.7003173828125,23725852,1269.5790365094908,1269.5790365094908,,,,0,1
2024-01-12,1364.0344131282275,1336.646006395595,1361.4520263671875,15012164,1282.1263966091174,1282.1263966091174,,,,0,1
2024-01-15,1387.0029484318006,1356.758991589987,1384.6937255859375,8610594,1301.620060733314,1301.620060733314,,,,0,1
2024-01-16,1386.8541010590134,1361.228589153576,1365.32568359375,9069024,1303.1790152433755,1303.1790152433755,,,,0,1
2024-01-17,1376.8968687570975,1345.8582751224426,1352.3638916015625,12197382,1303.1790152433755,1303.1790152433755,,,,0,1
2024-01-18,1361.7252160982366,1342.1088244002497,1358.69580078125,10279438,1303.1790152433755,1303.1790152433755,,,,0,1
2024-01-19,1366.6913040800202,1349.806309770892,1358.1990966796875,10422704,1303.1790152433755,1303.1790152433755,,,,0,1
2024-01-23,1362.4701283646,1313.6030142485608,1319.587158203125,20055420,1303.1790152433755,1303.1790152433755,,,,0,1
2024-01-24,1340.3706383054482,1314.9687015682296,1334.78369140625,21919128,1303.1790152433755,1303.1790152433755,,,,0,1
2024-01-25,1354.9215369888896,1326.1673112576736,1343.92138671875,11808872,1303.1790152433755,1303.1790152433755,,,,0,1
2024-01-29,1442.673875689509,1350.9735003848803,1438.2540283203125,23893438,1303.1790152433755,1303.1790152433755,,,,0,1
2024-01-30,1450.0982449976443,1394.9241134897238,1398.1024169921875,14093978,1318.9098540387815,1318.9098540387815,,,,0,1
2024-01-31,1424.5472938018186,1393.0120826613565,1416.973876953125,15130226,1318.9098540387815,1318.9098540387815,,,,0,1
2024-02-01,1433.5857557942002,1408.4569822908004,1416.998779296875,13349362,1320.7284898663324,1320.7284898663324,,,,0,1
2024-02-02,1464.9223379357,1423.4796314648363,1447.838623046875,19652588,1339.955578547709,1339.955578547709,,,,0,1
2024-02-05,1460.5520868528317,1421.8407764637946,1429.2900390625,8814432,1339.955578547709,1339.955578547709,,,,0,1
2024-02-06,1432.0958703098133,1410.2198450360786,1418.1409912109375,9047984,1339.955578547709,1339.955578547709,,,,0,1
2024-02-07,1439.6941741105304,1419.5811647792175,1432.3939208984375,9296568,1339.955578547709,1339.955578547709,,,,0,1
2024-02-08,1449.6016646461153,1417.8678540780252,1440.31494140625,14694634,1339.955578547709,1339.955578547709,,,,0,1
2024-02-09,1462.0170807392553,1441.134290388772,1450.8680419921875,12556798,1356.509380964086,1356.509380964086,,,,0,1
2024-02-12,1451.1162869880786,1432.5924306020613,1442.5247802734375,6674430,1356.509380964086,1356.509380964086,,,,0,1
2024-02-13,1468.9945896130337,1444.1637141969918,1455.1885986328125,7715594,1366.2002274440213,1366.2002274440213,,,,0,1
2024-02-14,1473.613149525777,1447.6400297179562,1471.353515625,7117888,1371.3803528915596,1371.3803528915596,,,,0,1
2024-02-15,1474.6808115666918,1456.6039830590935,1460.6513671875,10006782,1379.5794106923595,1379.5794106923595,,,,0,1
2024-02-16,1467.0080243843936,1448.6828880142914,1450.694091796875,9767498,1379.5794106923595,1379.5794106923595,,,,0,1
2024-02-19,1469.491112552472,1443.6918589044135,1464.0283203125,6729828,1379.5794106923595,1379.5794106923595,,,,0,1
2024-02-20,1465.5181885405725,1451.9109180393862,1461.073486328125,7117496,1379.816190835168,1379.816190835168,,,,0,1
2024-02-21,1478.4551882133653,1447.6897575966793,1457.77099609375,12720292,1382.9561168688251,1382.9561168688251,,,,0,1
2024-02-22,1474.9042556309794,1448.1366210443205,1471.7259521484375,18493728,1382.9561168688251,1382.9561168688251,,,,0,1
2024-02-23,1487.4191257635193,1473.3151159882195,1483.5206298828125,14438584,1403.2386963261406,1403.2386963261406,,,,0,1
2024-02-26,1484.4145482713086,1472.470873262889,1477.26318359375,7513106,1405.068595265049,1405.068595265049,,,,0,1
2024-02-27,1489.8027971992935,1468.0510475861681,1475.599609375,10826044,1406.290885678197,1406.290885678197,,,,0,1
2024-02-28,1481.1865622803293,1440.3646276597456,1445.7777099609375,8647950,1406.290885678197,1406.290885678197,,,,0,1
2024-02-29,1468.969697839758,1444.6851507865417,1450.917724609375,23628976,1406.290885678197,1406.290885678197,,,,0,1
2024-03-01,1489.852487276954,1452.6061750950303,1482.03076171875,12132926,1406.290885678197,1406.290885678197,,,,0,1
2024-03-04,1502.2181563446675,1477.1638289011803,1497.202392578125,10024420,1409.7551757902033,1409.7551757902033,,,,0,1
2024-03-05,1497.2025124426148,1475.9969687447635,1490.0511474609375,7107668,1409.7551757902033,1409.7551757902033,,,,0,1
2024-03-06,1498.7915631140063,1468.4978966627293,1492.8321533203125,7805676,1409.7551757902033,1409.7551757902033,,,,0,1
2024-03-07,1492.9315501318383,1465.5679977876061,1468.920166015625,8315726,1409.7551757902033,1409.7551757902033,,,,0,1
2024-03-11,1478.926955657413,1453.599462461131,1456.678466796875,11277130,1409.7551757902033,1409.7551757902033,,,,0,1
2024-03-12,1477.933606592777,1455.1140578500986,1465.4437255859375,9432678,1409.7551757902033,1409.7551757902033,,,,0,1
2024-03-13,1473.066745744361,1418.116070049675,1422.486328125,13522134,1409.7551757902033,1409.7551757902033,,,,0,1
2024-03-14,1438.7257204946209,1415.8564608814304,1421.791015625,18571102,1409.7551757902033,1409.7551757902033,,,,0,1
2024-03-15,1423.529139511023,1403.3416876139654,1408.630615234375,19223818,1495.946302373039,,1495.946302373039,,1408.630615234375,-1,0
2024-03-18,1431.9717172439134,1406.9422435473875,1429.7369384765625,9169392,1495.946302373039,,1495.946302373039,,,0,0
2024-03-19,1427.8745820427584,1407.6622744621968,1415.608154296875,8275764,1495.946302373039,,1495.946302373039,,,0,0
2024-03-20,1435.224575977408,1414.3914960871218,1433.9830322265625,8488806,1495.946302373039,,1495.946302373039,,,0,0
2024-03-21,1448.037258145121,1434.9017501776295,1441.1590576171875,13006936,1495.946302373039,,1495.946302373039,,,0,0
2024-03-22,1450.1230825118198,1437.558635664443,1445.1817626953125,19527608,1495.946302373039,,1495.946302373039,,,0,0
2024-03-26,1442.5744729711112,1429.2651003244707,1431.8226318359375,11415906,1495.946302373039,,1495.946302373039,,,0,0
2024-03-27,1489.8525090341518,1437.2110537149451,1482.7508544921875,16326644,1495.946302373039,,1495.946302373039,,,0,0
2024-03-28,1495.7622172581894,1468.6469741875442,1475.7982177734375,21854364,1495.946302373039,,1495.946302373039,,,0,0
2024-04-01,1483.8681819261294,1472.4708349567309,1474.73046875,5013880,1495.946302373039,,1495.946302373039,,,0,0
2024-04-02,1483.893102376519,1465.02163721912,1476.8907470703125,8910166,1495.946302373039,,1495.946302373039,,,0,0
2024-04-03,1474.4075761354848,1458.9628453771513,1461.64453125,7008292,1495.946302373039,,1495.946302373039,,,0,0
2024-04-04,1469.7394502232175,1440.1907097980506,1453.0283203125,14490272,1495.946302373039,,1495.946302373039,,,0,0
2024-04-05,1460.8500994503086,1446.1501728221701,1450.222412109375,7442298,1495.946302373039,,1495.946302373039,,,0,0
2024-04-08,1480.8885383095317,1451.1163432638848,1475.92236328125,8357118,1495.946302373039,,1495.946302373039,,,0,0
2024-04-09,1479.721532246934,1452.6061686018963,1453.7484130859375,7071414,1495.946302373039,,1495.946302373039,,,0,0
2024-04-10,1476.9404924377993,1456.4301647801274,1469.565673828125,9138330,1495.946302373039,,1495.946302373039,,,0,0
2024-04-12,1476.4189490188535,1453.1772261376407,1457.2247314453125,15551012,1495.946302373039,,1495.946302373039,,,0,0
2024-04-15,1472.0984192109631,1436.5405578378954,1454.9154052734375,12902062,1495.946302373039,,1495.946302373039,,,0,0
2024-04-16,1461.2225769893437,1441.1095678626566,1455.834228515625,9366184,1495.946302373039,,1495.946302373039,,,0,0
2024-04-18,1475.947240814455,1449.4775032629252,1454.4188232421875,19005692,1495.946302373039,,1495.946302373039,,,0,0
2024-04-19,1464.0283509520343,1433.2629218964987,1460.1795654296875,15741778,1495.946302373039,,1495.946302373039,,,0,0
2024-04-22,1472.7935949020498,1457.8703364834378,1469.8387451171875,10350362,1495.946302373039,,1495.946302373039,,,0,0
2024-04-23,1483.3964917827916,1445.7032715406172,1449.45263671875,14605554,1495.946302373039,,1495.946302373039,,,0,0
2024-04-24,1458.6153172675517,1439.6941418962588,1440.3646240234375,10462776,1495.946302373039,,1495.946302373039,,,0,0
2024-04-25,1458.044146720608,1431.748273950543,1450.0982666015625,15943926,1495.946302373039,,1495.946302373039,,,0,0
2024-04-26,1455.0892376772058,1440.1907130593506,1442.7235107421875,9413848,1495.946302373039,,1495.946302373039,,,0,0
2024-04-29,1457.969686378213,1440.190755560666,1455.1141357421875,7247974,1495.946302373039,,1495.946302373039,,,0,0
2024-04-30,1473.0418870480758,1452.9785893914159,1457.07568359375,11474262,1495.946302373039,,1495.946302373039,,,0,0
2024-05-02,1467.3307939155113,1454.2201408954636,1456.6287841796875,14512646,1495.946302373039,,1495.946302373039,,,0,0
2024-05-03,1464.971873810829,1406.5697301896898,1424.2989501953125,17226958,1495.946302373039,,1495.946302373039,,,0,0
2024-05-06,1430.2583364728227,1408.4071674433767,1409.921875,7394208,1495.3797561772421,,1495.3797561772421,,,0,0
2024-05-07,1411.1386477198662,1382.5831410354065,1391.9940185546875,14517472,1473.7824000362546,,1473.7824000362546,,,0,0
2024-05-08,1423.255977539907,1388.045846950484,1408.9534912109375,9439002,1473.7824000362546,,1473.7824000362546,,,0,0
2024-05-09,1414.118312061672,1380.5966312665314,1384.6937255859375,11009612,1473.7824000362546,,1473.7824000362546,,,0,0
2024-05-10,1400.461340203056,1378.6846144825925,1397.90380859375,10505096,1469.5516782702248,,1469.5516782702248,,,0,0
2024-05-13,1397.4567972556988,1374.6372472590963,1393.210693359375,8456620,1465.10035800994,,1465.10035800994,,,0,0
2024-05-14,1417.4207846263603,1390.5538507083768,1410.4681396484375,7188300,1465.10035800994,,1465.10035800994,,,0,0
2024-05-15,1420.301241172303,1403.465955871342,1406.6939697265625,5046534,1465.10035800994,,1465.10035800994,,,0,0
2024-05-16,1417.8429990852542,1388.5674209537442,1415.70751953125,14711774,1465.10035800994,,1465.10035800994,,,0,0
2024-05-17,1427.4772792429303,1403.6893497283538,1425.9874267578125,10916476,1465.10035800994,,1465.10035800994,,,0,0
2024-05-21,1432.0709366288527,1415.955723776385,1426.4095458984375,11176128,1465.10035800994,,1465.10035800994,,,0,0
2024-05-22,1458.8387108533418,1426.5585744712246,1450.7686767578125,10281604,1465.10035800994,,1465.10035800994,,,0,0
2024-05-23,1482.1301017368073,1445.1569524094602,1475.9969482421875,14608260,1384.0059002008388,1384.0059002008388,,1475.9969482421875,,1,1
2024-05-24,1478.4302725963466,1466.1141345549065,1470.236083984375,7094776,1396.5154142258748,1396.5154142258748,,,,0,1
2024-05-27,1474.8546674414365,1451.6626545709723,1456.330810546875,6629010,1396.5154142258748,1396.5154142258748,,,,0,1
2024-05-28,1468.4979438251885,1442.92214263919,1446.3487548828125,7820162,1396.5154142258748,1396.5154142258748,,,,0,1
2024-05-29,1448.1366470699525,1428.7188540932618,1431.0281982421875,7383556,1396.5154142258748,1396.5154142258748,,,,0,1
2024-05-30,1430.6556676310377,1410.4929493466097,1415.2108154296875,13206858,1396.5154142258748,1396.5154142258748,,,,0,1
2024-05-31,1432.4931993421653,1412.6284990566091,1420.723388671875,31069832,1396.5154142258748,1396.5154142258748,,,,0,1
2024-06-03,1504.2543484052076,1449.1298080707809,1500.1075439453125,21527942,1396.5154142258748,1396.5154142258748,,,,0,1
2024-06-04,1487.9156639356331,1350.104314753697,1387.8223876953125,36709098,1539.7089654270605,,1539.7089654270605,,1387.8223876953125,-1,0
2024-06-05,1421.4683404578807,1374.7365836991446,1411.138671875,17464890,1520.573828542164,,1520.573828542164,,,0,0
2024-06-06,1433.9332800406028,1411.734502673632,1421.9151611328125,17855722,1520.573828542164,,1520.573828542164,,,0,0
2024-06-07,1462.0419175490767,1416.8497251248357,1460.0057373046875,18558696,1520.573828542164,,1520.573828542164,,,0,0
2024-06-10,1483.2475052957384,1458.143465705998,1461.446044921875,9251760,1520.573828542164,,1520.573828542164,,,0,0
2024-06-11,1463.705674137936,1444.8342086607024,1446.8206787109375,11774902,1520.573828542164,,1520.573828542164,,,0,0
2024-06-12,1466.0148390522907,1445.3307689706455,1453.425537109375,10081742,1520.573828542164,,1520.573828542164,,,0,0
2024-06-13,1462.2901691305944,1450.2223401237136,1455.3375244140625,9181160,1520.573828542164,,1520.573828542164,,,0,0
2024-06-14,1469.6650677640184,1447.3668689541396,1467.554443359375,8157998,1520.573828542164,,1520.573828542164,,,0,0
2024-06-18,1477.337732367643,1461.3962624530698,1471.005859375,7196766,1520.573828542164,,1520.573828542164,,,0,0
2024-06-19,1477.4370314616108,1446.1501296188944,1448.7822265625,8725874,1520.573828542164,,1520.573828542164,,,0,0
2024-06-20,1472.8184710275734,1440.290025318092,1463.7303466796875,16113776,1520.573828542164,,1520.573828542164,,,0,0
2024-06-21,1464.723622415666,1430.8294776608532,1444.3623046875,31170360,1520.573828542164,,1520.573828542164,,,0,0
2024-06-24,1439.694123747318,1427.7753038197789,1431.723388671875,8878386,1520.573828542164,,1520.573828542164,,,0,0
2024-06-25,1446.0757605690187,1431.251679238024,1444.312744140625,7045386,1520.573828542164,,1520.573828542164,,,0,0
2024-06-26,1508.6990573544801,1435.3486794068933,1503.7825927734375,22014882,1520.573828542164,,1520.573828542164,,,0,0
2024-06-27,1527.0988578085678,1495.8119543802948,1520.1959228515625,28383030,1520.573828542164,,1520.573828542164,,,0,0
2024-06-28,1570.3044999994931,1520.6676062297508,1554.81005859375,28957336,1443.41322735098,1443.41322735098,,1554.81005859375,,1,1
2024-07-01,1568.715354453727,1545.1508787601754,1549.5955810546875,7724306,1457.7129634508535,1457.7129634508535,,,,0,1
2024-07-02,1562.855302960229,1546.4669251408175,1554.586669921875,7749246,1459.991417230595,1459.991417230595,,,,0,1
2024-07-03,1564.3450825817029,1532.3381098234954,1541.9228515625,9049620,1459.991417230595,1459.991417230595,,,,0,1
2024-07-04,1556.8959026824639,1540.3089262521676,1543.5120849609375,6837176,1459.991417230595,1459.991417230595,,,,0,1
2024-07-05,1587.686125174581,1537.5277583798884,1577.8779296875,12269710,1466.4739755744833,1466.4739755744833,,,,0,1
2024-07-08,1597.9165270899769,1571.8192530430833,1590.0699462890625,9500806,1490.3568460512397,1490.3568460512397,,,,0,1
2024-07-09,1589.6726495338755,1569.8079491335773,1579.516845703125,6960002,1490.3568460512397,1490.3568460512397,,,,0,1
2024-07-10,1586.6929092768046,1552.575311345012,1573.5076904296875,7134578,1490.3568460512397,1490.3568460512397,,,,0,1
2024-07-11,1593.3972306647354,1559.8755497952109,1569.9569091796875,11940946,1490.3568460512397,1490.3568460512397,,,,0,1
2024-07-12,1594.29114888902,1563.8484725700823,1585.923095703125,12924784,1490.3568460512397,1490.3568460512397,,,,0,1
2024-07-15,1594.9863292265602,1574.7740221286813,1586.419677734375,5329688,1494.8152689488093,1494.8152689488093,,,,0,1
2024-07-16,1589.1760011895321,1558.5098705415778,1565.586669921875,9386838,1494.8152689488093,1494.8152689488093,,,,0,1
2024-07-18,1583.1172605988065,1547.2862359094959,1575.941162109375,12298374,1494.8152689488093,1494.8152689488093,,,,0,1
2024-07-19,1579.2187540134394,1542.295316590546,1544.62939453125,13140390,1494.8152689488093,1494.8152689488093,,,,0,1
2024-07-22,1527.0987787885172,1489.132396000546,1490.52294921875,19674376,1608.280974573338,,1608.280974573338,,1490.52294921875,-1,0
2024-07-23,1495.5635707251784,1453.1027753418136,1477.8343505859375,18052044,1576.972832846056,,1576.972832846056,,,0,0
2024-07-24,1499.288234484697,1466.4121801900785,1485.58154296875,11913362,1576.972832846056,,1576.972832846056,,,0,0
2024-07-25,1490.3242792963804,1467.0825557836058,1482.303955078125,12519876,1576.972832846056,,1576.972832846056,,,0,0
2024-07-26,1502.1934293549855,1480.2676949176735,1498.81640625,9859940,1576.972832846056,,1576.972832846056,,,0,0
2024-07-29,1517.1664917107262,1501.5478952839153,1509.8165283203125,7538550,1576.972832846056,,1576.972832846056,,,0,0
2024-07-30,1514.6833847959679,1499.7848596996141,1502.91357421875,8228208,1576.972832846056,,1576.972832846056,,,0,0
2024-07-31,1500.2317535937864,1490.9947408630155,1495.2408447265625,10057346,1576.972832846056,,1576.972832846056,,,0,0
2024-08-01,1507.7307583181896,1494.1234870604208,1505.049072265625,10764222,1576.972832846056,,1576.972832846056,,,0,0
2024-08-02,1499.114356762296,1483.173007877194,1489.1820068359375,10268248,1569.4151705932372,,1569.4151705932372,,,0,0
2024-08-05,1473.8614567424752,1423.5540791976646,1437.5338134765625,17046704,1537.7621921200464,,1537.7621921200464,,,0,0
2024-08-06,1467.5046707476097,1441.5066968644826,1446.1998291015625,10236186,1537.7621921200464,,1537.7621921200464,,,0,0
2024-08-07,1462.5385323694986,1451.612947407825,1454.9154052734375,8174568,1537.7621921200464,,1537.7621921200464,,,0,0
2024-08-08,1455.0892607439564,1436.1433518023791,1439.3216552734375,12387192,1528.4974620624255,,1528.4974620624255,,,0,0
2024-08-09,1466.5114845282942,1446.1501669307122,1464.326416015625,6249776,1528.4974620624255,,1528.4974620624255,,,0,0
2024-08-12,1463.0351798178756,1447.8883458109356,1450.743896484375,8184584,1528.4974620624255,,1528.4974620624255,,,0,0
2024-08-13,1460.1298277029484,1448.1365641213488,1453.7235107421875,6265064,1528.4974620624255,,1528.4974620624255,,,0,0
2024-08-14,1462.0419308628677,1443.8656817300166,1451.9605712890625,6267466,1526.7698015782742,,1526.7698015782742,,,0,0
2024-08-16,1470.3851409523195,1448.1863626084614,1468.199951171875,9416902,1526.7698015782742,,1526.7698015782742,,,0,0
2024-08-19,1498.300048828125,1480.5,1488.4000244140625,13797742,1526.7698015782742,,1526.7698015782742,,,0,0
2024-08-20,1503.925048828125,1490.0250244140625,1495.949951171875,8411808,1526.7698015782742,,1526.7698015782742,,,0,0
2024-08-21,1507.875,1490.0,1498.675048828125,7769996,1526.7698015782742,,1526.7698015782742,,,0,0
2024-08-22,1506.5,1490.6500244140625,1498.125,10445782,1526.7698015782742,,1526.7698015782742,,,0,0
2024-08-23,1511.324951171875,1498.425048828125,1499.9749755859375,9249654,1526.7698015782742,,1526.7698015782742,,,0,0
2024-08-26,1523.0,1503.0,1512.5999755859375,8816114,1526.7698015782742,,1526.7698015782742,,,0,0
2024-08-27,1513.4749755859375,1499.449951171875,1500.449951171875,6251156,1526.7698015782742,,1526.7698015782742,,,0,0
2024-08-28,1507.4749755859375,1493.0,1498.300048828125,9610286,1526.7698015782742,,1526.7698015782742,,,0,0
2024-08-29,1537.0,1494.0,1520.925048828125,38335358,1526.7698015782742,,1526.7698015782742,,,0,0
2024-08-30,1539.7249755859375,1503.324951171875,1509.625,41620730,1526.7698015782742,,1526.7698015782742,,,0,0
2024-09-02,1526.800048828125,1506.625,1516.25,11240852,1526.7698015782742,,1526.7698015782742,,,0,0
2024-09-03,1523.0,1507.5,1509.125,10923800,1526.7698015782742,,1526.7698015782742,,,0,0
2024-09-04,1517.5,1499.5,1514.550048828125,11983304,1526.7698015782742,,1526.7698015782742,,,0,0
2024-09-05,1525.7750244140625,1487.050048828125,1492.9749755859375,16264168,1526.7698015782742,,1526.7698015782742,,,0,0
2024-09-06,1497.0,1461.625,1464.824951171875,19394228,1526.7698015782742,,1526.7698015782742,,,0,0
2024-09-09,1469.925048828125,1455.5999755859375,1462.449951171875,9010298,1526.7698015782742,,1526.7698015782742,,,0,0
2024-09-10,1472.050048828125,1457.574951171875,1461.5250244140625,10768260,1526.7698015782742,,1526.7698015782742,,,0,0
2024-09-11,1468.75,1447.550048828125,1451.5,9760202,1526.7698015782742,,1526.7698015782742,,,0,0
2024-09-12,1486.0,1445.875,1479.800048828125,22349376,1526.7698015782742,,1526.7698015782742,,,0,0
2024-09-13,1483.1500244140625,1469.5,1472.625,8711328,1526.7698015782742,,1526.7698015782742,,,0,0
2024-09-16,1480.9000244140625,1464.75,1471.3499755859375,5481774,1526.7698015782742,,1526.7698015782742,,,0,0
2024-09-17,1477.4749755859375,1466.625,1472.300048828125,5935328,1526.7698015782742,,1526.7698015782742,,,0,0
2024-09-18,1482.0,1460.550048828125,1463.449951171875,8574714,1526.7698015782742,,1526.7698015782742,,,0,0
2024-09-19,1476.5,1455.550048828125,1469.675048828125,16955902,1526.7698015782742,,1526.7698015782742,,,0,0
2024-09-20,1495.0,1471.375,1485.925048828125,30897320,1526.7698015782742,,1526.7698015782742,,,0,0
2024-09-23,1501.5,1488.949951171875,1493.375,8832314,1526.7698015782742,,1526.7698015782742,,,0,0
2024-09-24,1500.5,1487.875,1489.375,17137444,1526.7698015782742,,1526.7698015782742,,,0,0
2024-09-25,1496.5,1480.199951171875,1493.949951171875,7069002,1526.7698015782742,,1526.7698015782742,,,0,0
2024-09-26,1504.0,1488.050048828125,1497.949951171875,18818998,1526.7698015782742,,1526.7698015782742,,,0,0
2024-09-27,1533.4749755859375,1492.0,1526.175048828125,20597478,1526.7698015782742,,1526.7698015782742,,,0,0
2024-09-30,1524.9749755859375,1474.4000244140625,1476.574951171875,27008814,1526.7698015782742,,1526.7698015782742,,,0,0
2024-10-01,1487.949951171875,1462.824951171875,1464.824951171875,16431642,1526.7698015782742,,1526.7698015782742,,,0,0
2024-10-03,1449.4000244140625,1402.074951171875,1406.9749755859375,37757294,1509.884274875887,,1509.884274875887,,,0,0
2024-10-04,1417.3499755859375,1381.7750244140625,1386.5250244140625,37072876,1485.7618385768008,,1485.7618385768008,,,0,0
2024-10-07,1396.5,1361.375,1370.7249755859375,22181340,1466.8800805243643,,1466.8800805243643,,,0,0
2024-10-08,1401.0,1365.0999755859375,1397.3499755859375,17020808,1466.8800805243643,,1466.8800805243643,,,0,0
2024-10-09,1400.9749755859375,1372.5,1374.5999755859375,14310610,1466.8800805243643,,1466.8800805243643,,,0,0
2024-10-10,1386.0,1369.425048828125,1371.050048828125,22358646,1463.4571052309918,,1463.4571052309918,,,0,0
2024-10-11,1383.2750244140625,1368.824951171875,1372.0999755859375,7980122,1457.9405357835012,,1457.9405357835012,,,0,0
2024-10-14,1380.074951171875,1368.25,1372.5250244140625,12221432,1451.833414987842,,1451.833414987842,,,0,0
2024-10-15,1371.699951171875,1340.699951171875,1344.0250244140625,33762794,1435.4894615123847,,1435.4894615123847,,,0,0
2024-10-16,1364.0,1337.625,1354.074951171875,20034438,1430.0870548550088,,1430.0870548550088,,,0,0
2024-10-17,1368.449951171875,1352.050048828125,1356.425048828125,15543660,1430.0870548550088,,1430.0870548550088,,,0,0
2024-10-18,1368.425048828125,1341.324951171875,1359.300048828125,12082452,1430.0870548550088,,1430.0870548550088,,,0,0
2024-10-21,1374.0,1357.7249755859375,1369.199951171875,14067408,1430.0870548550088,,1430.0870548550088,,,0,0
2024-10-22,1376.0,1340.2249755859375,1343.3499755859375,15831960,1430.0870548550088,,1430.0870548550088,,,0,0
2024-10-23,1357.4749755859375,1335.0,1338.5250244140625,17214742,1422.7362629773188,,1422.7362629773188,,,0,0
2024-10-24,1343.699951171875,1323.125,1339.800048828125,22155934,1408.5681669822216,,1408.5681669822216,,,0,0
2024-10-25,1344.3499755859375,1322.0,1327.8499755859375,18597496,1407.5937914948463,,1407.5937914948463,,,0,0
2024-10-28,1353.0,1322.0999755859375,1334.3499755859375,10824350,1407.5937914948463,,1407.5937914948463,,,0,0
2024-10-29,1343.199951171875,1320.300048828125,1340.0,12008361,1407.1597345450693,,1407.1597345450693,,,0,0
2024-10-30,1350.0,1325.3499755859375,1343.9000244140625,11984423,1407.1597345450693,,1407.1597345450693,,,0,0
2024-10-31,1343.0,1326.1500244140625,1332.050048828125,9331650,1407.1597345450693,,1407.1597345450693,,,0,0
2024-11-01,1341.949951171875,1333.0,1338.6500244140625,2127335,1406.7882035499265,,1406.7882035499265,,,0,0
2024-11-04,1340.0,1285.0999755859375,1302.1500244140625,19796890,1390.534747145885,,1390.534747145885,,,0,0
2024-11-05,1309.550048828125,1286.1500244140625,1305.300048828125,16267479,1375.1270972366708,,1375.1270972366708,,,0,0
2024-11-06,1328.300048828125,1300.199951171875,1325.3499755859375,21625209,1375.1270972366708,,1375.1270972366708,,,0,0
2024-11-07,1324.0,1302.5999755859375,1305.6500244140625,9611974,1375.1270972366708,,1375.1270972366708,,,0,0
2024-11-08,1301.6500244140625,1275.0,1283.75,19814406,1366.7176108356991,,1366.7176108356991,,,0,0
2024-11-11,1286.0,1267.0,1272.699951171875,9056552,1352.9478169351526,,1352.9478169351526,,,0,0
2024-11-12,1289.300048828125,1267.5,1274.25,10671091,1352.9478169351526,,1352.9478169351526,,,0,0
2024-11-13,1275.449951171875,1249.5,1252.050048828125,14633633,1338.1372197762753,,1338.1372197762753,,,0,0
2024-11-14,1272.5999755859375,1251.0999755859375,1267.5999755859375,12612633,1336.4974703044263,,1336.4974703044263,,,0,0
2024-11-18,1272.9000244140625,1243.9000244140625,1260.75,13620611,1334.1704741581434,,1334.1704741581434,,,0,0
2024-11-19,1281.5,1235.1500244140625,1241.6500244140625,14183746,1334.1704741581434,,1334.1704741581434,,,0,0
2024-11-21,1243.949951171875,1217.25,1223.0,19433843,1311.9937163351779,,1311.9937163351779,,,0,0
2024-11-22,1268.8499755859375,1222.449951171875,1265.4000244140625,20471957,1311.9937163351779,,1311.9937163351779,,,0,0
2024-11-25,1304.449951171875,1282.449951171875,1287.0,28923341,1311.9937163351779,,1311.9937163351779,,,0,0
2024-11-26,1297.8499755859375,1284.199951171875,1295.699951171875,9247557,1311.9937163351779,,1311.9937163351779,,,0,0
2024-11-27,1303.8499755859375,1286.0,1293.199951171875,9572746,1311.9937163351779,,1311.9937163351779,,,0,0
2024-11-28,1296.5999755859375,1269.050048828125,1270.800048828125,15027412,1311.9937163351779,,1311.9937163351779,,,0,0
2024-11-29,1299.5,1275.25,1292.199951171875,13202307,1311.9937163351779,,1311.9937163351779,,,0,0
2024-12-02,1311.3499755859375,1277.050048828125,1309.1500244140625,11024152,1311.9937163351779,,1311.9937163351779,,,0,0
2024-12-03,1326.800048828125,1307.0,1323.300048828125,16869482,1234.7692393875045,1234.7692393875045,,1323.300048828125,,1,1
2024-12-04,1328.4000244140625,1304.050048828125,1308.949951171875,19608540,1234.9197841644216,1234.9197841644216,,,,0,1
2024-12-05,1329.949951171875,1306.1500244140625,1322.050048828125,16858723,1237.6452328074997,1237.6452328074997,,,,0,1
2024-12-06,1323.9000244140625,1310.0,1311.550048828125,9037514,1240.0638646527698,1240.0638646527698,,,,0,1
2024-12-09,1315.0,1293.0999755859375,1295.1500244140625,14650002,1240.0638646527698,1240.0638646527698,,,,0,1
2024-12-10,1294.9000244140625,1280.199951171875,1284.8499755859375,16043729,1240.0638646527698,1240.0638646527698,,,,0,1
2024-12-11,1290.0,1276.050048828125,1278.199951171875,11724373,1240.0638646527698,1240.0638646527698,,,,0,1
2024-12-12,1278.199951171875,1260.5999755859375,1262.9000244140625,20906813,1240.0638646527698,1240.0638646527698,,,,0,1
2024-12-13,1275.199951171875,1239.5999755859375,1272.8499755859375,28630222,1240.0638646527698,1240.0638646527698,,,,0,1
2024-12-16,1281.0,1266.550048828125,1268.300048828125,9486781,1240.0638646527698,1240.0638646527698,,,,0,1
2024-12-17,1263.9000244140625,1242.800048828125,1245.300048828125,17462791,1240.0638646527698,1240.0638646527698,,,,0,1
2024-12-18,1259.949951171875,1240.6500244140625,1253.25,12670179,1240.0638646527698,1240.0638646527698,,,,0,1
2024-12-19,1244.9000244140625,1229.0,1230.449951171875,14244653,1306.3024309090426,,1306.3024309090426,,1230.449951171875,-1,0
2024-12-20,1239.5,1201.5,1205.300048828125,20312896,1293.9112897291013,,1293.9112897291013,,,0,0
2024-12-23,1227.199951171875,1213.199951171875,1222.300048828125,10052824,1292.9101879284444,,1292.9101879284444,,,0,0
2024-12-24,1233.550048828125,1221.0,1222.75,6734917,1292.9101879284444,,1292.9101879284444,,,0,0
2024-12-26,1227.699951171875,1214.25,1216.550048828125,10016178,1287.8458311989339,,1287.8458311989339,,,0,0
2024-12-27,1227.9000244140625,1217.0,1221.050048828125,7000397,1286.337147015011,,1286.337147015011,,,0,0
2024-12-30,1223.199951171875,1208.0999755859375,1210.699951171875,8818766,1277.847352000507,,1277.847352000507,,,0,0
2024-12-31,1219.0999755859375,1206.1500244140625,1215.449951171875,6405475,1272.6998854301485,,1272.6998854301485,,,0,0
2025-01-01,1226.300048828125,1211.5999755859375,1221.25,5892590,1272.6998854301485,,1272.6998854301485,,,0,0
2025-01-02,1244.449951171875,1220.0,1241.800048828125,15486276,1272.6998854301485,,1272.6998854301485,,,0,0
2025-01-03,1262.050048828125,1235.5,1251.1500244140625,15521102,1272.6998854301485,,1272.6998854301485,,,0,0
2025-01-06,1262.0,1215.0,1218.0,14816766,1272.6998854301485,,1272.6998854301485,,,0,0
2025-01-07,1244.5,1221.25,1240.8499755859375,10070505,1272.6998854301485,,1272.6998854301485,,,0,0
